"unique_storm_id","Suspended_Sediment_mg_L","Chloride_mg_L","NO2_NO3_N_mg_L","Ammonium_N_mg_L","TKN_Unfiltered_mg_L","Dissolved_Reactive_Phosphorus_mg_L","TP_Unfiltered_mg_L","Total_Nitrogen_computed_mg_L","Organic_Nitrogen_computed_mg_L","Suspended_Sediment_Load_pounds","Chloride_Load_pounds","NO2_NO3_N_Load_pounds","Ammonium_N_Load_pounds","TKN_Unfiltered_Load_pounds","Dissolved_Reactive_Phosphorus_Load_pounds","TP_Unfiltered_Load_pounds","Total_Nitrogen_load_pounds","Organic_Nitrogen_Load_pounds","sum_runoff","Flag_Suspended_Sediment","Flag_Chloride","Flag_NO2_NO3_N_","Flag_Ammonium_N_","Flag_TKN_Unfiltered","Flag_Dissolved_Reactive_Phosphorus_","Flag_TP_Unfiltered","frozen","comments","site","water_year","sample_start","sample_end","storm_start","storm_end","peak_discharge","rain","duration","Ievent","I5","I10","I15","I30","I60","energy","erosivity_m1","erosivity_m2","ARFdays1","ARFdays2","ARFdays7","ARFdays14","ant_discharge_date","ant_dis_1day_mean","ant_dis_1day_max","ant_dis_2day_mean","ant_dis_2day_max","ant_dis_7day_mean","ant_dis_7day_max","ant_dis_14day_mean","ant_dis_14day_max"
"32",11906,8.5,7,0.03,30.4,0.148,9.52,37.4,30.37,25340.65277288,18.09134458,14.89875436,0.0638518044,64.703161792,0.31500223504,20.2623059296,79.601916152,64.6393099876,34093.44,"HT",NA,NA,NA,NA,NA,NA,"FALSE","Komiskey, Matthew J.:times were off on split, not split correctly","SW1","WY12","2012-05-02 23:57:00","2012-05-03 09:49:59","2012-05-02 23:55:59","2012-05-03 09:49:59",8.0948,2.986,11.5,0.259652173913043,8.148,5.34,3.74,1.996,1.068,2787.19681995111,55.6324485262241,54.4389079175326,0.505,0.505,0.784,2.278,"2012-04-18 23:55:00",0.0266958118343195,0.227012,0.0170248762264151,0.227012,0.00603371952506596,0.227012,0.0227711366815003,0.612392
"EST1-11",115,35.3,7.2,0.14,4.44,1.144,1.767,11.64,4.3,62.4008722,19.154354684,3.906837216,0.0759662792,2.4092162832,0.62075302432,0.95880296676,6.3160534992,2.333250004,8691.84,"HT",NA,NA,NA,NA,NA,NA,"FALSE",NA,"SW1","WY12","2012-08-09 07:41:59","2012-08-10 15:45:00","2012-08-09 07:39:59","2012-08-10 16:00:00",0.4199,1.08,10.95,0.0986301369863014,0.324,0.27,0.252,0.234,0.207,559.699067935009,1.30969581896792,1.56788025588247,0,0,1.201,2.222,"2012-07-26 00:39:00",0,0,0,0,0.0136164769279736,0.748366,0.013788351061632,0.748366
"SW1-1",275,13.4,2.7,0.57,3.21,0.298,0.731,5.91,2.64,26.8476395,1.308212252,0.263595006,0.0556478346,0.3133851738,0.02909307844,0.07136590718,0.5769801798,0.2577373392,1563.84,NA,NA,NA,NA,NA,NA,NA,"TRUE",NA,"SW1","WY12","2012-01-31 12:00:00","2012-01-31 20:15:00","2012-01-31 12:00:00","2012-01-31 21:00:00",0.0903,NA,NA,NA,NA,NA,NA,NA,NA,NA,NA,NA,NA,NA,NA,NA,NA,NA,NA,NA,NA,NA,NA,NA,NA
"SW1-10",8700,14.8,4,0.19,26.4,0.188,14.76,30.4,26.21,6968.51991,11.85449364,3.2039172,0.152186067,21.14585352,0.1505841084,11.822454468,24.34977072,20.993667453,12830.4,"HT",NA,NA,NA,NA,NA,NA,"FALSE","Komiskey, Matthew J.:times were off on split, split incorrectly","SW1","WY12","2012-05-06 09:20:00","2012-05-07 18:15:00","2012-05-06 09:15:00","2012-05-07 18:29:59",1.426,0.774,3.41666666666667,0.226536585365854,0.540000000000001,0.486,0.504,0.432,0.378,518.153878810794,2.23842475646263,2.42604709702658,0,0.0899999999999999,3.86,3.86,"2012-04-22 08:50:00",0,0,0.00266176126527054,0.0270358,0.329124569313343,8.434384,0.264793065363789,8.434384
"SW1-1042",7,43.5,2.7,0.27,1.34,0.43,0.471,4.04,1.07,6.2109607,38.59668435,2.39565627,0.239565627,1.188955334,0.381530443,0.4179089271,3.584611604,0.949389707,14212.8,NA,NA,NA,NA,NA,NA,NA,"TRUE","Komiskey, Matthew J.:Sampler head was not reset properly for this event. Got one sample on the tail end. See what it looks like to use for the estimate.","SW1","WY16","2016-02-29 18:54:00",NA,"2016-02-27 12:29:59","2016-02-29 20:12:59",0.222,NA,NA,NA,NA,NA,NA,NA,NA,NA,NA,NA,NA,NA,NA,NA,NA,NA,NA,NA,NA,NA,NA,NA,NA
"SW1-1054",34,33.2,2.1,0.45,1.52,0.327,0.425,3.62,1.07,0.78857356,0.770018888,0.048706014,0.010437003,0.0352538768,0.00758422218,0.0098571695,0.0839598908,0.0248168738,371.52,NA,NA,NA,NA,NA,NA,NA,"TRUE",NA,"SW1","WY16","2016-03-06 17:53:59",NA,"2016-03-06 13:59:59","2016-03-06 19:59:59",0.0334,NA,NA,NA,NA,NA,NA,NA,NA,NA,NA,NA,NA,NA,NA,NA,NA,NA,NA,NA,NA,NA,NA,NA,NA
"SW1-11",839,347,118,9.6,34.7,1.23,3.63,152.7,25.1,71.04875174,29.38488302,9.99255388,0.812953536,2.938488302,0.1041596718,0.3073980558,12.931042182,2.125534766,1356.48,"HT",NA,NA,NA,NA,NA,NA,"FALSE",NA,"SW1","WY12","2012-06-18 17:46:59","2012-06-19 06:15:00","2012-06-18 17:46:00","2012-06-19 06:29:59",0.1564,0.492,1.66666666666667,0.2952,1.56,1.218,0.884,0.586,0.393,419.426745805181,2.45784073041836,2.39958841889872,1.176,1.176,1.49,1.49,"2012-06-04 17:27:00",0.0104102915422886,0.0487554,0.00704534882154882,0.0487554,0.00274387036569987,0.0487554,0.00148524860068259,0.0487554
"SW1-12",2881,17.2,6.1,0.44,9.8,0.337,3.07,15.9,9.36,130.53211752,0.779296224,0.276378312,0.0199354848,0.444017616,0.01526876904,0.1390953144,0.720395928,0.4240821312,725.76,NA,NA,NA,NA,NA,"Q",NA,"FALSE",NA,"SW1","WY12","2012-07-17 15:42:59","2012-07-17 17:12:00","2012-07-17 15:38:59","2012-07-17 17:15:00",0.7549,1.532,1.11666666666667,1.37194029850746,4.584,3.612,3.336,2.758,1.523,1605.0777580985,44.2680445683566,43.0304279609196,0,0,0,0.265,"2012-07-03 15:32:00",0,0,0,0,0,0,0.00157425502494654,0.115301
"SW1-1284",2690,3.4,0.6,0.71,12.6,0.405,3.6,13.2,11.89,30.4695762,0.038511732,0.006796188,0.0080421558,0.142719948,0.0045874269,0.040777128,0.149516136,0.1346777922,181.44,NA,NA,NA,NA,NA,NA,NA,"FALSE",NA,"SW1","WY16","2016-09-13 04:20:00",NA,"2016-09-13 04:16:00","2016-09-13 04:23:00",1.36,NA,NA,NA,NA,NA,NA,NA,NA,NA,NA,NA,NA,NA,NA,NA,NA,NA,NA,NA,NA,NA,NA,NA,NA
"SW1-1286",2220,1.3,0.5,0.39,9.3,0.418,3,9.8,8.91,58.6737564,0.034358506,0.01321481,0.0103075518,0.245795466,0.01104758116,0.07928886,0.259010276,0.2354879142,423.36,NA,NA,NA,NA,NA,NA,NA,"FALSE",NA,"SW1","WY16","2016-09-13 04:25:00",NA,"2016-09-13 04:23:00","2016-09-13 04:25:59",3.036,NA,NA,NA,NA,NA,NA,NA,NA,NA,NA,NA,NA,NA,NA,NA,NA,NA,NA,NA,NA,NA,NA,NA,NA
"SW1-1287",1950,1,0.3,0.32,8.51,0.419,2.8,8.81,8.19,185.115216,0.09493088,0.028479264,0.0303778816,0.8078617888,0.03977603872,0.265806464,0.8363410528,0.7774839072,1520.64,NA,NA,NA,NA,NA,NA,NA,"FALSE",NA,"SW1","WY16","2016-09-13 04:27:59",NA,"2016-09-13 04:25:59","2016-09-13 04:32:59",3.8,NA,NA,NA,NA,NA,NA,NA,NA,NA,NA,NA,NA,NA,NA,NA,NA,NA,NA,NA,NA,NA,NA,NA,NA
"SW1-1288",1400,0.5,0.4,0.22,6.4,0.414,2.3,6.8,6.18,970.34462,0.34655165,0.27724132,0.152482726,4.43586112,0.2869447662,1.59413759,4.71310244,4.283378394,11102.4,NA,NA,NA,NA,NA,NA,NA,"FALSE",NA,"SW1","WY16","2016-09-13 04:38:00",NA,"2016-09-13 04:32:59","2016-09-13 07:27:59",3.66,NA,NA,NA,NA,NA,NA,NA,NA,NA,NA,NA,NA,NA,NA,NA,NA,NA,NA,NA,NA,NA,NA,NA,NA
"SW1-1290",61,44.5,3.8,0.36,3.86,1.8,2,7.66,3.5,4.4417943,3.24032535,0.27670194,0.026213868,0.281070918,0.13106934,0.1456326,0.557772858,0.25485705,1166.4,NA,NA,NA,NA,NA,NA,NA,"FALSE",NA,"SW1","WY16","2016-09-13 10:18:00",NA,"2016-09-13 07:27:59","2016-09-13 13:45:00",0.2116,1.248,1.43333333333333,0.870697674418605,5.34,4.512,3.944,2.136,1.167,1245.91994563626,26.6128500387904,26.3200680015414,0,0,2.88,2.935,"2016-08-30 04:10:00",0,0,0,0,0.114833302101299,3.006,0.0848902098867128,3.006
"SW1-13",2988,36.7,6.3,0.4,10.8,0.592,3.09,17.1,10.4,332.00349264,4.077820676,0.700007364,0.044444912,1.200012624,0.06577846976,0.3433369452,1.900019988,1.155567712,1779.84,NA,NA,NA,NA,NA,NA,NA,"FALSE",NA,"SW1","WY12","2012-07-25 19:27:00","2012-07-25 23:44:59","2012-07-25 19:27:00","2012-07-25 23:44:59",1.21,1.486,1.11666666666667,1.33074626865672,5.016,4.554,3.98,2.492,1.468,1557.52839139453,38.8136075135518,37.6262936969634,0.103,0.103,0.328,2.264,"2012-07-11 19:24:00",0.000527111764705882,0.0173036,0.00021002109375,0.0173036,7.000703125e-05,0.0173036,0.0108618720049659,0.753766
"SW1-14",1395,55.1,3.2,0.24,8.49,0.974,2.79,11.69,8.25,90.292212,3.56638056,0.20712192,0.015534144,0.549520344,0.0630427344,0.180584424,0.756642264,0.5339862,1036.8,NA,NA,NA,NA,NA,NA,NA,"FALSE",NA,"SW1","WY12","2012-07-26 13:56:00","2012-07-26 17:30:00","2012-07-26 13:52:59","2012-07-26 17:30:59",0.5332,0.409,0.616666666666667,0.663243243243243,1.44,1.32,1.168,0.799999999999999,0.409,385.849391977244,3.08679513581795,2.8973539801925,1.675,1.778,1.805,3.939,"2012-07-12 13:51:00",0.0558864236507229,1.20832,0.0465956698296132,1.20832,0.0265500224825061,1.20832,0.0238399274528006,1.20832
"SW1-15",903,20.4,0.8,0.08,4.79,0.55,1.64,5.59,4.71,56.49897624,1.276388832,0.050054464,0.0050054464,0.2997011032,0.034412444,0.1026116512,0.3497555672,0.2946956568,1002.24,NA,NA,NA,NA,NA,NA,NA,"FALSE",NA,"SW1","WY12","2012-08-04 16:48:59","2012-08-04 19:25:59","2012-08-04 16:47:59","2012-08-04 19:27:00",0.7495,1.066,0.983333333333333,1.08406779661017,3.024,2.118,1.972,1.366,1.066,1096.59865559737,14.9795376354601,14.1892714915659,0,0,0.189,2.745,"2012-07-21 16:40:00",0,0,0,0,0.00225008935874855,0.0386848,0.0180790411768025,1.20832
"SW1-17",199,26.3,3.5,0.05,3.01,1.06,1.34,6.51,2.96,135.99549754,17.973274298,2.39188061,0.034169723,2.0570173246,0.7243981276,0.9157485764,4.4488979346,2.0228476016,10946.88,"HT",NA,NA,NA,NA,NA,NA,"FALSE",NA,"SW1","WY13","2012-10-14 04:45:00","2012-10-15 18:29:59","2012-10-14 04:30:00","2012-10-15 18:45:00",0.4864,2.457,19.9666666666667,0.1230550918197,0.864,0.810000000000001,0.72,0.648,0.477,1586.72892773547,10.2820034517259,11.128516889448,1.215,1.368,1.773,1.773,"2012-09-30 04:49:00",6.75783014211447e-05,0.0085198308844174,4.48474182158506e-05,0.0085198308844174,1.74113506014479e-05,0.0085198308844174,9.72381603891635e-06,0.0085198308844174
"SW1-18",314,35.9,3.8,0.08,4.05,1.11,1.54,7.85,3.97,141.75877284,16.207452054,1.715552028,0.0361168848,1.828417293,0.5011217766,0.6952500324,3.543969321,1.7923004082,7231.68,"HT",NA,NA,NA,NA,NA,NA,"FALSE",NA,"SW1","WY13","2012-10-17 21:27:59","2012-10-18 13:12:59","2012-10-17 21:15:00","2012-10-19 15:00:00",0.5574,0.63,6.08333333333333,0.103561643835616,0.54,0.432,0.396,0.342,0.315,381.827557672574,1.3058502472402,1.44590251474274,0,0,3.825,4.23,"2012-10-03 18:45:00",0,0,0,0,0.0801220295720805,0.485652047215723,0.0598278691112761,0.485652047215723
"SW1-19",705,91.6,5.4,1.34,10.1,0.892,2.85,15.5,8.76,68.447322,8.89329744,0.52427736,0.130098456,0.98059284,0.0866028528,0.27670194,1.5048702,0.850494384,1555.2,"HT",NA,NA,NA,NA,NA,NA,"FALSE",NA,"SW1","WY13","2012-11-11 17:41:00","2012-11-12 10:00:00","2012-11-11 17:30:00","2012-11-12 10:14:59",0.0757,0.837,7.78333333333333,0.107537473233405,0.648,0.432,0.324,0.27,0.189,459.47495762075,1.24058238557603,1.43983850661531,0,0.018,0.063,0.063,"2012-10-28 15:34:00",0,0,0,0,0,0,0,0
"SW1-2",458.597402597403,5.22792207792208,2.50584415584416,0.417857142857143,2.32045454545455,0.113344155844156,0.490831168831169,4.8262987012987,1.9025974025974,76.18634624,0.868509676,0.416293484,0.069418206,0.385494886,0.0188297558,0.08154131088,0.80178837,0.31607668,2661.12,"HT, HT","NA, NA","NA, NA","NA, NA","NA, NA","NA, NA","NA, NA","TRUE, TRUE","NA, NA","SW1","WY12","2012-02-29 04:45:00","2012-02-29 17:15:00","2012-02-29 04:30:00","2012-02-29 17:30:00",0.0804,NA,NA,NA,NA,NA,NA,NA,NA,NA,NA,NA,NA,NA,NA,NA,NA,NA,NA,NA,NA,NA,NA,NA,NA
"SW1-20",152,97.2,39.6,0.59,2.9,0.541,0.866,42.5,2.31,159.38031744,101.919518784,41.522766912,0.6186472848,3.040808688,0.56726810352,0.90804838752,44.5635756,2.4221614032,16796.16,NA,NA,NA,NA,NA,NA,NA,"TRUE",NA,"SW1","WY13","2013-01-10 19:59:59","2013-01-13 14:30:00","2013-01-10 19:54:59","2013-01-13 14:44:59",0.2092,0.252,6.78333333333333,0.0371498771498772,0.216,0.162,0.144,0.126,0.09,98.4207008151607,0.124010083027103,0.148079562221803,0,0.027,0.027,0.027,"2012-12-27 19:20:00",0,0,0,0,0,0,0.000419314195922621,0.0464981446888161
"SW1-21",135,11.8,5.6,0.78,3.43,0.739,1,9.03,2.65,122.4042003,10.699033804,5.077507568,0.7072242684,3.1099733854,0.67004965942,0.90669778,8.1874809534,2.402749117,14523.84,NA,NA,NA,NA,NA,NA,NA,"TRUE",NA,"SW1","WY13","2013-01-29 01:00:00","2013-01-30 06:45:00","2013-01-29 00:00:00","2013-01-30 08:15:00",0.599,0.396,1.96666666666667,0.20135593220339,0.756,0.594,0.504,0.396,0.324,265.194768064616,1.05017128153588,1.12552827639463,0.234,0.234,0.234,0.243,"2013-01-15 01:28:00",0,0,0,0,0,0,0,0
"SW1-22",147,4.5,1.1,0.55,1.29,0.173,0.277,2.39,0.74,420.94455774,12.88605789,3.149925262,1.574962631,3.6940032618,0.49539733666,0.79320845234,6.8439285238,2.1190406308,45869.76,"HT",NA,NA,NA,NA,NA,NA,"TRUE",NA,"SW1","WY13","2013-03-09 21:15:00","2013-03-13 00:35:00","2013-03-09 21:09:59","2013-03-13 00:40:00",0.8837,0.405,7.41666666666667,0.0546067415730337,0.216,0.162,0.108,0.108,0.09,165.993851108228,0.179273359196886,0.224122041853041,0.036,0.036,0.045,0.054,"2013-02-23 16:07:00",0,0,0,0,0,0,0,0
"SW1-23",958.581094418248,21.2846584055269,3.0516723324926,1.129944072815,5.95910516504003,0.506404210988047,1.54847022699857,9.01077749753262,4.82916109222502,4714.88293338,104.690853224,15.009974516,5.5577499448,29.3104917304,2.490802902,7.61631529,44.3204662464,23.7527417856,78788.16,"HT, HT, HT, HT","NA, NA, NA, NA","NA, NA, NA, NA","NA, NA, NA, NA","NA, NA, NA, NA","NA, NA, NA, NA","NA, NA, NA, NA","TRUE, TRUE, TRUE, TRUE","NA, NA, NA, NA","SW1","WY13","2013-03-27 10:00:00","2013-04-07 08:12:00","2013-03-27 10:00:00","2013-04-07 08:12:00",0.7873,0.072,1.73333333333333,0.0415384615384615,0.108,0.108,0.108,0.072,0.054,24.2263832998089,0.0174429959758624,0.0209848464430926,0,0,0,0,"2013-03-16 18:10:00",0.102735167649932,0.304232537655014,0.147954891859054,0.571104302484266,0.17359247298711,0.787146132356366,0.111373964766981,0.787146132356366
"SW1-24",1124.95384615385,55.8041187159297,18.6487219866747,0.79529618413083,7.40701393095094,0.550925984251969,1.99723440339188,26.0557359176257,6.61171774682011,5008.94913372,248.47240894,83.034961976,3.5411213946,32.980336162,2.45304306572,8.8928497546,116.015298138,29.4392147674,71323.2,"HT, HT, HT, HT, HT","NA, NA, NA, NA, NA","NA, NA, NA, NA, NA","NA, NA, NA, NA, NA","NA, NA, NA, NA, NA","NA, NA, NA, NA, NA","NA, NA, NA, NA, NA","TRUE, TRUE, TRUE, TRUE, TRUE","NA, NA, NA, NA, NA","SW1","WY13","2013-04-08 09:11:59","2013-04-15 18:00:00","2013-04-08 09:11:59","2013-04-15 18:00:00",1.404,0.207,3.56666666666667,0.0580373831775701,0.216,0.162,0.144,0.108,0.09,81.5759473805133,0.0881020231709544,0.11020252904153,0,0.036,0.036,0.117,"2013-03-25 09:11:00",0.0215347699649492,0.0249574287597956,0.0371656199202118,0.0788353459112864,0.0328107498138201,0.106607662688729,0.0964590330645827,0.787146132356366
"SW1-25",235,83.7,12.2,0.44,3.29,0.502,0.928,15.49,2.85,104.1920346,37.110099132,5.409118392,0.1950829584,1.4586884844,0.22257192072,0.41144769408,6.8678068764,1.263605526,7102.08,"HT",NA,NA,NA,NA,NA,NA,"TRUE","Komiskey, Matthew J.:Difficult to define end of frozen ground…went by end of storm, despite soil temp probe being above freezing","SW1","WY13","2013-04-17 13:14:59","2013-04-19 21:29:59","2013-04-17 13:14:59","2013-04-19 21:45:00",0.1235,0.18,2.01666666666667,0.0892561983471074,0.216,0.162,0.144,0.144,0.117,77.8743717433006,0.112139095310353,0.141548766759804,0,0.018,0.594,1.697,"2013-04-03 14:01:00",0.00176771608438776,0.00587,0.0142862074182324,0.0513822625389533,0.0738833330641023,0.5699475424666,0.087568863140601,1.40407568599859
"SW1-26",1094,54.2,19.3,0.32,4.84,0.567,1.65,24.14,4.52,1786.76744816,88.521751088,31.521582952,0.5226376448,7.9048943776,0.92604857688,2.694850356,39.4264773296,7.3822567328,26161.92,"HT",NA,NA,NA,"HT",NA,"HT","FALSE",NA,"SW1","WY13","2013-05-02 17:55:00","2013-05-06 07:59:59","2013-05-02 17:53:00","2013-05-06 08:15:00",0.659,1.433,12.3666666666667,0.115876010781671,0.876,0.708,0.616,0.524,0.379,948.33349429603,4.9692675101112,5.32805024571696,0,0,0.432,0.495,"2013-04-18 14:54:00",0,0,0,0,0.000167100840336134,0.01958,0.0122261971418894,0.05347
"SW1-27",3185,79.4,37.6,0.27,10.6,0.49,3.15,48.2,10.33,1396.6732689,34.818165636,16.488199344,0.1183993038,4.648268964,0.2148728106,1.381325211,21.136468308,4.5298696602,7024.32,"HT",NA,NA,NA,NA,NA,NA,"FALSE",NA,"SW1","WY13","2013-07-08 06:20:00","2013-07-08 15:15:00","2013-07-08 06:18:59","2013-07-08 15:15:00",2.21,1.798,4.85,0.370721649484536,2.316,1.818,1.464,1.008,0.9,1654.64909305222,16.6788628579664,15.9986578609199,0,0,0.018,0.77,"2013-06-24 05:18:00",0,0,0,0,0,0,0.00080636170212766,0.03892
"SW1-28",558,17.2,0.7,0.32,4.51,0.623,1.78,5.21,4.19,16.85454624,0.519530816,0.021143696,0.0096656896,0.1362258128,0.01881788944,0.0537653984,0.1573695088,0.1265601232,483.84,"HT",NA,NA,NA,NA,NA,NA,"FALSE",NA,"SW1","WY14","2013-10-31 23:12:59","2013-11-01 04:59:59","2013-10-31 23:06:59","2013-11-01 05:15:00",0.0616,1.125,13.35,0.0842696629213483,0.432000000000001,0.378,0.324,0.252,0.18,573.134701457659,1.4442994476733,1.72228716581097,0.468,0.468,0.468,0.549,"2013-10-17 13:18:00",0,0,0,0,0,0,0,0
"SW1-29",304,17.3,1.7,0.05,2.94,0.454,1.09,4.64,2.89,24.92367104,1.418353648,0.139375792,0.004099288,0.2410381344,0.03722153504,0.0893644784,0.3804139264,0.2369388464,1313.28,"HT",NA,NA,NA,NA,NA,NA,"FALSE",NA,"SW1","WY14","2013-11-05 19:45:00","2013-11-06 16:14:59","2013-11-05 19:43:00","2013-11-06 16:30:00",0.0447,0.855,18.2166666666667,0.0469350411710888,0.216,0.162,0.18,0.144,0.117,365.878824702887,0.526865507572157,0.644823423959315,0,0,1.8,1.8,"2013-10-22 17:09:00",0,0,0,0,0.00605390937829294,0.06163,0.00354420727945713,0.06163
"SW1-3",2371,17.4,6,0.23,6.6,0.182,2.44,12.6,6.37,794.17825758,5.828216652,2.00972988,0.0770396454,2.210702868,0.06096180636,0.8172901512,4.220432748,2.1336632226,5365.44,NA,NA,NA,NA,NA,NA,NA,"TRUE",NA,"SW1","WY12","2012-03-06 21:15:00","2012-03-07 13:50:00","2012-03-06 21:00:00","2012-03-07 13:54:59",0.1947,NA,NA,NA,NA,NA,NA,NA,NA,NA,NA,NA,NA,NA,NA,NA,NA,NA,NA,NA,NA,NA,NA,NA,NA
"SW1-30",250,137,0.05,0.76,11.57,0.216,1.81,11.62,10.81,35.733925,19.5821909,0.007146785,0.108631132,1.653766049,0.0308741112,0.258713617,1.660912834,1.545134917,2289.6,"HT",NA,NA,NA,NA,NA,NA,"FALSE",NA,"SW1","WY14","2013-11-17 10:14:00","2013-11-18 21:15:00","2013-11-17 10:02:00","2013-11-18 21:29:59",0.1147,0.54,4.75,0.113684210526316,0.539999999999999,0.378,0.324,0.216,0.18,308.375290055083,0.666090626518979,0.761895527905758,0.362,0.362,0.398,1.46,"2013-11-03 08:08:00",0,0,0,0,0,0,0.00713870684931507,0.04473
"SW1-31",20.3939213349225,42.3454112038141,1.39410011918951,5.29192789034565,11.099299761621,2.21027115613826,2.78963349225268,12.4933998808105,5.80737187127533,36.91624596,76.651939056,2.523543268,9.5792323798,20.091500465,4.0009428446,5.0496809538,22.615043733,10.5122680852,28995.84,"HT, HT, HT","NA, NA, NA","NA, NA, NA","NA, NA, NA","NA, NA, NA","NA, NA, NA","NA, NA, NA","TRUE, TRUE, TRUE","NA, NA, NA","SW1","WY14","2014-03-10 13:59:59","2014-03-22 10:16:00","2014-03-10 13:45:00","2014-03-22 10:16:00",0.1206,NA,NA,NA,NA,NA,NA,NA,NA,NA,NA,NA,NA,NA,NA,NA,NA,NA,NA,NA,NA,NA,NA,NA,NA
"SW1-32",271.058096415328,36.796992171405,1.70140090646889,4.09421920065925,9.12599917593737,1.53217964565307,2.27615986814998,10.8274000824063,5.03177997527812,354.83544804,48.170032094,2.227261834,5.3596410646,11.946619744,2.005738468,2.9796645712,14.173881578,6.5869786794,20969.28,"HT, HT","NA, NA","NA, NA","NA, NA","NA, NA","NA, NA","NA, NA","TRUE, TRUE","NA, NA","SW1","WY14","2014-03-27 11:15:00","2014-03-30 04:30:00","2014-03-27 11:15:00","2014-03-30 04:30:00",0.354,0.477,8.3,0.0574698795180723,0.432,0.324,0.252,0.216,0.189,239.185433726378,0.516640536848977,0.602397436609216,0,0,0,0,"2014-03-13 15:35:00",0.00610147916666667,0.019286,0.000842254708866995,0.019286,0.0191397942670824,0.120867,0.0252272141482521,0.120867
"SW1-33",1310.63190329462,62.6018487793316,13.1306944773643,1.53660109030576,9.04377814648021,0.941375207395117,2.4874946669827,22.1744726238445,7.50717705617445,2982.53191528,142.459535336,29.880788992,3.4967573896,20.580421466,2.14223504956,5.6606528612,50.461210458,17.0836640764,36452.16,"HT, HT, HT, HT","NA, NA, NA, NA","NA, NA, NA, NA","NA, NA, NA, NA","HT, HT, HT, HT","NA, NA, NA, NA","HT, HT, HT, HT","FALSE, FALSE, FALSE, FALSE","NA, NA, NA, NA","SW1","WY14","2014-04-12 12:49:59","2014-04-14 22:00:00","2014-04-12 12:45:59","2014-04-14 22:00:00",1.262,1.056,8.16666666666667,0.12930612244898,1.116,0.611999999999999,0.504,0.432,0.378,685.697553889137,2.96221343280107,3.20637675206528,0,0,0.009,0.108,"2014-03-29 10:06:00",0,0,0,0,0.000927674942462468,0.0137357329157151,0.0321261486327565,0.22109
"SW1-34",1021,51.8,9.4,0.26,7,0.571,1.92,16.4,6.74,720.87543682,36.573308156,6.636855148,0.1835725892,4.94233894,0.40315364782,1.3556129664,11.579194088,4.7587663508,11309.76,"HT",NA,NA,NA,"HT",NA,"HT","FALSE",NA,"SW1","WY14","2014-05-12 05:24:59","2014-05-13 14:30:00","2014-05-12 05:24:59","2014-05-13 14:30:00",0.6996,0.782,3.38333333333333,0.231133004926108,1.464,1.056,0.883999999999999,0.77,0.602,646.903936912093,4.98116031422311,4.94814835267916,0.27,0.27,0.747,1.512,"2014-04-28 04:30:00",0,0,0,0,0,0,0.0039417826123146,0.0532290411156095
"SW1-35",17155.3112009238,45.280350269438,7.61168206312548,0.466020015396459,42.4382409545805,0.630426481909161,13.6254407236336,50.0499230177059,41.972220939184,48079.79220186,126.903546446,21.332640814,1.3060763072,118.938198358,1.76684490848,38.1869119702,140.270839172,117.6321220508,44893.44,"HT, HT, HT, HT","NA, NA, NA, NA","NA, NA, NA, NA","NA, NA, NA, NA","NA, NA, NA, NA","NA, NA, NA, NA","NA, NA, NA, NA","FALSE, FALSE, FALSE, FALSE","NA, NA, NA, NA","SW1","WY14","2014-06-01 20:46:59","2014-06-03 01:30:00","2014-06-01 20:46:59","2014-06-03 01:30:59",3.516,2.48,13.4166666666667,0.184844720496894,3.528,2.382,2.388,1.448,0.862,2113.56011364475,30.6043504455759,30.5594495907201,0,0,0.171,0.864,"2014-05-18 15:53:00",0,0,0,0,0,0,0.00250833252637775,0.0778033059992639
"SW1-36",3054,90.7,19.2,1.05,7.8,0.676,2.09,27,6.75,1238.74442304,36.789168032,7.787784192,0.425894448,3.163787328,0.27419490176,0.8477327584,10.95157152,2.73789288,6497.28,"HT",NA,NA,NA,NA,NA,NA,"FALSE",NA,"SW1","WY14","2014-06-18 05:15:59","2014-06-18 20:44:59","2014-06-18 05:15:59","2014-06-19 07:59:59",0.3936,1.072,10.5,0.102095238095238,1.092,0.977999999999999,0.832,0.578,0.37,658.105930465911,3.80385227809296,4.18329906190882,0.162,0.585,0.684,0.702,"2014-06-04 02:18:00",0,0,0,0,0,0,0,0
"SW1-37",167,74.2,39.2,0.83,3.22,0.271,0.647,42.42,2.39,5.58474052,2.481363752,1.310909152,0.0277564948,0.1076818232,0.00906266276,0.02163668932,1.4185909752,0.0799253284,535.68,"HT",NA,NA,NA,NA,NA,NA,"FALSE",NA,"SW1","WY14","2014-08-12 03:27:00","2014-08-12 11:37:59","2014-08-12 03:22:59","2014-08-12 11:44:59",0.0471,1.777,11.8666666666667,0.149747191011236,1.44,1.158,1.024,0.872,0.769,1264.2870182328,11.0245827989901,11.4989050171499,0,0,0,1.117,"2014-07-28 21:01:00",0,0,0,0,0,0,0,0
"SW1-38",2011,18,2.9,0.67,8.8,0.287,3.15,11.7,8.13,48.8111931,0.4368978,0.07038909,0.016262307,0.21359448,0.0069660927,0.076457115,0.28398357,0.197332173,388.8,NA,NA,NA,NA,NA,NA,NA,"FALSE",NA,"SW1","WY14","2014-09-04 20:12:00","2014-09-04 22:59:59","2014-09-04 20:08:59","2014-09-05 01:00:00",0.1275,0.699,2.38333333333333,0.293286713286713,2.184,1.65,1.392,0.876,0.6,611.749916595036,5.35892926937251,5.25196616269268,0.162,0.162,0.54,0.904,"2014-08-21 19:31:00",0,0,0,0,0,0,0,0
"SW1-39",2103,40.8,6.9,0.31,9.7,0.63,3.14,16.6,9.39,792.88698186,15.382686096,2.601483678,0.1168782522,3.657158214,0.2375267706,1.1838635868,6.258641892,3.5402799618,6039.36,NA,NA,NA,NA,NA,NA,NA,"FALSE",NA,"SW1","WY14","2014-09-05 05:35:00","2014-09-05 16:30:00","2014-09-05 05:33:59","2014-09-06 09:00:00",1.383,0.577,1.4,0.412142857142857,3.456,2.166,1.588,0.848,0.487,545.898332044767,4.62921785573963,4.51795479458962,0.861,0.861,1.104,1.603,"2014-08-22 05:33:00",0.0208919700135782,0.127442545748988,0.0142727319894742,0.127442545748988,0.00533905900347,0.127442545748988,0.00284141773509244,0.127442545748988
"SW1-4",3978,27.8,10,0.48,15,0.219,5.61,25,14.52,276.78931956,1.934324556,0.6958002,0.0333984096,1.0437003,0.01523802438,0.3903439122,1.7395005,1.0103018904,1114.56,NA,NA,NA,NA,NA,NA,NA,"TRUE","Komiskey, Matthew J.:suspect frost came out after this storm! No soil temp probe in at this point","SW1","WY12","2012-03-07 21:04:59","2012-03-08 05:30:00","2012-03-07 21:00:00","2012-03-08 05:44:59",0.2234,0.261,2.01666666666667,0.129421487603306,0.756,0.486,0.432,0.342,0.207,164.174754334066,0.561477659822507,0.601583769317159,0.027,0.027,0.027,0.027,"2012-02-22 20:54:00",0.0736284641662513,0.194218002434201,0.0521263463123903,0.194218002434201,0.0218969410159855,0.194218002434201,0.0164368862284136,0.194218002434201
"SW1-40",1011.02610669694,50.194551645857,5.05516458569807,0.322088535754824,5.16855845629966,0.57788989784336,1.83427922814983,10.2237230419977,4.84646992054484,480.43331732,23.852138732,2.402182768,0.1530544688,2.45606683,0.27460968498,0.87163808,4.858249598,2.3030123612,7611.84,"HT, HT","NA, NA","NA, NA","NA, NA","NA, NA","NA, NA","NA, NA","FALSE, FALSE","NA, Komiskey, Matthew J.:sampled just after peak, ended sample time early, use 40a to estimate last half of event","SW1","WY14","2014-09-20 03:29:00","2014-09-21 15:08:00","2014-09-20 03:26:00","2014-09-21 15:08:00",0.5732,0.64,2.88333333333333,0.221965317919075,1.8,1.68,1.408,0.83,0.487,518.847758033021,4.30643639167408,4.33200048973863,0,0,0.09,0.747,"2014-09-06 03:06:00",0,0,0,0,6.47330242985239e-05,0.00425114538093485,0.000352131312872303,0.0183035936694884
"SW1-41",666,56.5,3.7,0.33,5.7,0.758,2.04,9.4,5.37,147.2831028,12.4947377,0.81823946,0.072978114,1.26053106,0.1676285164,0.451137432,2.07877052,1.187552946,3542.4,"HT",NA,NA,NA,NA,NA,NA,"FALSE",NA,"SW1","WY15","2014-10-03 04:14:59","2014-10-03 15:45:00","2014-10-03 03:00:00","2014-10-03 21:15:00",0.2276,0.350999999,5.2,0.0674999998076923,0.216000072,0.162000054,0.18000006,0.144000048,0.126000042,152.939763561361,0.220233332939446,0.274298056794132,0.144000001,0.324000004,0.467999992,1.566999992,"2014-09-19 02:53:00",0,0,0,0,0,0,0.0436597060608187,0.573155397701713
"SW1-42",1086,33.4,9.1,0.12,6.9,0.674,2.39,16,6.78,595.72471356,18.321551964,4.991800086,0.0658259352,3.784991274,0.36972233604,1.3110332094,8.77679136,3.7191653388,8786.88,"HT",NA,NA,NA,NA,NA,NA,"FALSE",NA,"SW1","WY15","2014-10-13 19:20:00","2014-10-14 04:12:59","2014-10-13 19:18:59","2014-10-14 04:12:59",0.928,0.881999963,9.73333333333333,0.0906164345547945,0.863999724,0.539999898,0.432000028,0.288000038,0.224999988,498.755039551687,1.43641470343577,1.62187390324425,0.018,0.018,0.018,0.809999965,"2014-09-29 16:34:00",0,0,0,0,0,0,0.0280166512521817,0.227588340236533
"SW1-43",3035,74.8,18.8,0.8,16.2,0.256,3.95,35,15.4,45.8365124,1.129677472,0.283929632,0.012082112,0.244662768,0.00386627584,0.059655428,0.5285924,0.232580656,241.92,NA,NA,NA,NA,NA,NA,NA,"FALSE",NA,"SW1","WY15","2015-04-09 14:21:00","2015-04-09 16:59:59","2015-04-09 14:21:00","2015-04-09 16:59:59",0.0652,0.234000019,1.38333333333333,0.169156640240964,0.324000108,0.324000108,0.288000096,0.269999972,0.198000007,132.201090951626,0.356942908553086,0.412754931918111,0.359999974,0.638999982,0.881999978,1.124999984,"2015-03-26 13:52:00",0.00394214363877057,0.0425598939391314,0.00209053071752985,0.0425598939391314,0.00071582374763668,0.0425598939391314,0.000375953753016267,0.0425598939391314
"SW1-44",3008,78.4,26.7,0.81,13.9,0.367,3.7,40.6,13.09,76.25538688,1.987507424,0.676867962,0.0205341966,0.352376954,0.00930376562,0.093798182,1.029244916,0.3318427574,406.08,NA,NA,NA,NA,NA,NA,NA,"FALSE",NA,"SW1","WY15","2015-04-09 19:18:59","2015-04-09 22:30:00","2015-04-09 19:14:59","2015-04-09 22:45:00",0.1226,0.189000007,1.63333333333333,0.11571429,0.324000108,0.269999736,0.216000076,0.197999952,0.126000045,96.3241272810494,0.190721725780897,0.226437005997135,0.593999993,0.873000001,1.115999997,1.359000003,"2015-03-26 19:05:00",0.017545505464662,0.0654074687994375,0.0112025238972623,0.0654074687994375,0.00452054787854233,0.0654074687994375,0.0024838175156826,0.0654074687994375
"SW1-45",901,84.6,30.2,0.99,8.58,0.491,1.69,38.78,7.59,28.67290142,2.692261332,0.961067284,0.0315051858,0.2730449436,0.01562529922,0.0537815798,1.2341122276,0.2415397578,509.76,NA,NA,NA,NA,NA,NA,NA,"FALSE",NA,"SW1","WY15","2015-04-10 01:05:59","2015-04-10 04:30:00","2015-04-10 01:00:00","2015-04-10 04:30:00",0.0598,0.143999937,3.38333333333333,0.0425615577339901,0.432000168,0.324000126,0.216000084,0.143999818,0.090000035,66.8947668896634,0.0963283425726396,0.108582250614164,0.783,0.855000009,1.305000004,1.54800001,"2015-03-27 01:05:00",0.0312857711553554,0.122866358626358,0.0233475904144443,0.122866358626358,0.0100813440887289,0.122866358626358,0.00576519124484436,0.122866358626358
"SW1-46",17200,27.1,3.8,3.47,54,1.7,19.4,57.8,50.53,677.245528,1.067055454,0.149624012,0.1366303478,2.12623596,0.066937058,0.763869956,2.275859972,1.9896056122,630.72,NA,NA,NA,NA,NA,NA,NA,"FALSE",NA,"SW1","WY15","2015-05-17 16:57:59","2015-05-17 18:00:00","2015-05-17 16:54:00","2015-05-17 18:15:00",0.8292,0.446000022,0.183333333333333,2.43272739272727,4.35600024,2.622000132,1.784000088,0.892000044,0.446000022,470.600073450518,4.19775286224266,4.09137370119425,0,0.008999996,0.387000001,0.504000006,"2015-05-03 16:52:00",0,0,0,0,0,0,0,0
"SW1-47",3760,25.8,8.8,1.06,14,0.623,4.53,22.8,12.94,614.5048464,4.216549212,1.438202832,0.1732380684,2.28804996,0.10181822322,0.7403475942,3.726252792,2.1148118916,2617.92,NA,NA,NA,NA,NA,NA,NA,"FALSE",NA,"SW1","WY15","2015-05-24 18:47:59","2015-05-25 03:00:00","2015-05-24 18:45:00","2015-05-25 07:59:59",0.6542,1.363000056,12.2666666666667,0.111114135,0.996000876,0.71400018,0.512000132,0.395999918,0.317000041,905.071908336873,3.58408401485505,3.81526284449165,0,0,0.446000022,0.833000023,"2015-05-10 12:56:00",0,0,0,0,0.013733875653532,0.829716960083581,0.00686208486717114,0.829716960083581
"SW1-48",127,86.7,15,0.18,4.2,0.694,1.04,19.2,4.02,25.61947124,17.489828004,3.0259218,0.0363110616,0.847258104,0.13999931528,0.2097972448,3.873179904,0.8109470424,3231.36,NA,NA,NA,NA,NA,NA,NA,"FALSE",NA,"SW1","WY15","2015-05-30 05:32:00","2015-05-30 19:30:00","2015-05-30 04:00:00","2015-05-31 00:45:00",0.2129,0.773999982,15.3333333333333,0.0504782596956522,0.432000072,0.378000048,0.324000004,0.18000006,0.143999989,354.311960223002,0.637761740988579,0.751410112070207,0.035999999,0.035999999,1.651000012,2.097000034,"2015-05-15 21:23:00",0,0,0,0,0.0384013469923906,0.654581575513903,0.0282971162643645,0.829716960083581
"SW1-49",92,85.4,25.1,0.25,3.5,0.703,1.06,28.6,3.25,50.01994368,46.431556416,13.646745504,0.13592376,1.90293264,0.38221761312,0.5763167424,15.549678144,1.76700888,8709.12,NA,NA,NA,NA,NA,NA,NA,"FALSE",NA,"SW1","WY15","2015-06-11 22:30:00","2015-06-12 16:14:59","2015-06-11 22:27:00","2015-06-12 21:00:00",0.5442,0.773999979,8.98333333333333,0.086159552393321,0.216000084,0.16200042,0.144000056,0.144000052,0.126000046,346.056633454051,0.498321732123283,0.631388765167137,0.540000011,0.558000011,0.953999999,1.772999983,"2015-05-28 21:20:00",0.000963996994250159,0.0147252578115909,0.00058459255474608,0.0147252578115909,0.000188798373711769,0.0147252578115909,0.0229625293257524,0.213081190040577
"SW1-5",1231.41176470588,45.1294117647059,17.3294117647059,0.13,5.23058823529412,0.154058823529412,1.40276470588235,22.56,5.10058823529412,237.11899932,8.690059056,3.336928308,0.0250326258,1.0071950616,0.02966536062,0.27011449206,4.3441233696,0.9821624358,3084.48,"HT, HT, HT","NA, NA, NA","NA, NA, NA","NA, NA, NA","NA, NA, NA","NA, NA, NA","NA, NA, NA","FALSE, FALSE, FALSE","Komiskey, Matthew J.:Lab may of split this wrong!, NA, NA","SW1","WY12","2012-03-12 01:39:59","2012-03-13 03:29:59","2012-03-12 01:34:59","2012-03-13 03:45:00",0.1245,0.378,4.68333333333333,0.080711743772242,0.216,0.216,0.216,0.18,0.162,184.340941270434,0.331813694286782,0.401180099256595,0,0,0.297,0.297,"2012-02-27 00:29:00",0,0,0,0,0.0243103858306285,0.223186441381461,0.0180363318010328,0.223186441381461
"SW1-50",1210,49.6,10.9,0.15,4.9,0.526,1.7,15.8,4.75,1024.660186,42.00259936,9.23040994,0.12702399,4.14945034,0.4454307916,1.43960522,13.37986028,4.02242635,13564.8,NA,NA,NA,NA,NA,NA,NA,"FALSE","Komiskey, Matthew J.:NRCS signed off on Waterway completion","SW1","WY15","2015-06-15 15:47:00","2015-06-16 07:00:00","2015-06-15 15:45:59","2015-06-16 13:00:00",1.66,0.680000028,2.2,0.309090921818182,1.68000024,1.38000012,1.0640001,0.802000068,0.536000039,564.482417701909,4.52714937381736,4.47681625882581,0,0.017999999,1.412999975,1.763999977,"2015-06-01 15:31:00",0,0,0,0,0.0905960477859894,0.544405904649199,0.062124151562467,0.544405904649199
"SW1-51",513,3.3,0.05,0.11,2.3,0.605,1.22,2.35,2.19,16.87881834,0.108577194,0.001645109,0.0036192398,0.075675014,0.0199058189,0.0401406596,0.077320123,0.0720557742,527.04,NA,NA,NA,NA,NA,NA,NA,"FALSE",NA,"SW1","WY15","2015-09-08 09:06:59","2015-09-08 13:00:00","2015-09-08 08:53:59","2015-09-08 13:00:00",0.2262,1.353000038,5.11666666666667,0.26442997485342,3.672,2.880000138,2.064000148,1.103999982,0.875000036,1200.26571384647,13.2509332648172,13.1782998140066,0.108000044,0.864000034,1.082000023,1.487000015,"2015-08-25 08:08:00",0,0,0.000104806201550388,0.00518,3.59096945551129e-05,0.00518,1.84447476125512e-05,0.00518
"SW1-52",222,7.7,0.8,0.09,1.83,0.733,1.12,2.63,1.74,14.12959848,0.490080668,0.050917472,0.0057282156,0.1164737172,0.04665313372,0.0712844608,0.1673911892,0.1107455016,1019.52,NA,NA,NA,NA,NA,NA,NA,"FALSE",NA,"SW1","WY15","2015-09-19 00:56:59","2015-09-19 05:15:00","2015-09-19 00:56:59","2015-09-19 05:15:00",0.2416,0.927,5.86666666666667,0.158011363636364,0.972000516,0.648000336,0.504000248,0.414000042,0.360000075,624.686108184581,2.58620075025233,2.76731587128171,0.243000023,0.558000022,0.558000022,2.784000094,"2015-09-04 21:18:00",0,0,0,0,0,0,0.00454645585472761,0.2262
"SW1-53",35,80.2,9.6,0.25,2.7,0.971,1.1,12.3,2.45,17.368036,39.79761392,4.76380416,0.1240574,1.33981992,0.4818389416,0.54585256,6.10362408,1.21576252,7948.8,NA,NA,NA,NA,NA,NA,NA,"FALSE",NA,"SW1","WY16","2015-11-26 15:06:00","2015-11-28 01:59:59","2015-11-26 15:02:59","2015-11-28 01:59:59",0.1859,1.161,12.2166666666667,0.0950341064120055,0.324,0.27,0.252,0.216,0.18,554.783150273389,1.19833160459052,1.48348463147948,0.054,0.054,0.054,0.774,"2015-11-12 13:05:00",0,0,0,0,0,0,0.0013628738904204,0.03556
"SW1-54",36,79.2,18.2,0.1,1.9,0.536,0.686,20.1,1.8,11.88362016,26.143964352,6.007830192,0.033010056,0.627191064,0.17693390016,0.22644898416,6.635021256,0.594181008,5287.68,NA,NA,NA,NA,NA,NA,NA,"FALSE",NA,"SW1","WY16","2015-11-30 23:17:59","2015-12-02 08:30:00","2015-11-30 23:19:59","2015-12-02 08:30:00",0.1081,0.369,10.05,0.0367164179104478,0.324,0.27,0.252,0.18,0.117,167.171411555128,0.300908540799231,0.344631008369293,0.009,0.018,1.233,1.953,"2015-11-16 22:09:00",0,0,0,0,0.0378147318668822,0.18592,0.0312885686202107,0.18592
"SW1-55",1158.33046133711,31.4862253244629,11.1615007089105,0.0716392191078634,6.35727451194241,0.478384556658305,2.20855251390555,17.5187752208529,6.28563529283455,5728.61042616,155.717495736,55.200041324,0.3542971468,31.440379293,2.36588680904,10.92256258484,86.640420617,31.0860821462,79220.16,"NA, NA, NA","NA, NA, NA","NA, NA, NA","NA, NA, NA","NA, NA, NA","NA, NA, NA","NA, NA, NA","FALSE, FALSE, FALSE","NA, NA, NA","SW1","WY16","2015-12-13 04:50:59","2015-12-17 04:30:59","2015-12-13 04:50:59","2015-12-17 08:15:00",1.646,0.835,4.63333333333333,0.180215827338129,1.452,1.092,0.872,0.544,0.29,670.315030724309,3.64651376714024,3.61724531824793,0,0,0.108,0.495,"2015-11-29 04:32:00",0,0,0,0,0.000562967195435093,0.02623,0.0226884110072757,0.1081
"SW1-56",280,45.8,12,0.09,2.48,0.408,0.895,14.48,2.39,114.024932,18.65122102,4.8867828,0.036650871,1.009935112,0.1661506152,0.3644725505,5.896717912,0.973284241,6523.2,NA,NA,NA,NA,NA,NA,NA,"FALSE",NA,"SW1","WY16","2015-12-23 10:59:59","2015-12-24 09:29:59","2015-12-23 10:59:59","2015-12-24 09:29:59",0.1773,0.189,5.51666666666667,0.0342598187311178,0.216,0.216,0.18,0.162,0.108,82.5010744259423,0.133651740570027,0.15489999985672,0.009,0.513,2.771,2.771,"2015-12-02 05:26:00",0.026486652168344,0.05347,0.226079825621792,1.618,0.284314369547743,1.646,0.224370333751297,1.646
"sW1-57",5,15.8,2.3,0.22,1.05,0.35,0.453,3.35,0.83,0.4072319,1.286852804,0.187326674,0.0179182036,0.085518699,0.028506233,0.03689521014,0.272845373,0.0676004954,1304.64,NA,NA,NA,NA,NA,NA,NA,"TRUE",NA,"SW1","WY16","2016-02-21 11:30:00","2016-02-22 02:21:59","2016-02-21 11:30:00","2016-02-22 02:21:59",0.0367,NA,NA,NA,NA,NA,NA,NA,NA,NA,NA,NA,NA,NA,NA,NA,NA,NA,NA,NA,NA,NA,NA,NA,NA
"SW1-57",6,9.5,1.5,0.29,0.83,0.305,0.376,2.33,0.54,1.1650608,1.8446796,0.2912652,0.056311272,0.161166744,0.059223924,0.0730104768,0.452431944,0.104855472,3110.4,NA,NA,NA,NA,NA,NA,NA,"TRUE",NA,"SW1","WY16","2016-02-20 10:45:00","2016-02-21 11:30:00","2016-02-20 10:45:00","2016-02-21 11:30:00",0.1678,NA,NA,NA,NA,NA,NA,NA,NA,NA,NA,NA,NA,NA,NA,NA,NA,NA,NA,NA,NA,NA,NA,NA,NA
"SW1-58",253.794883105426,25.1271063078959,6.76164534627261,0.282011468901632,2.41975297750331,0.372084472871636,0.705801058667843,9.18139832377591,2.13774150860168,620.66780228,61.449567694,16.535934474,0.6896728432,5.9176242808,0.90995078078,1.72607101676,22.4535587548,5.2279514376,39173.76,"NA, NA, NA, NA","NA, NA, NA, NA","NA, NA, NA, NA","NA, NA, NA, NA","NA, NA, NA, NA","NA, NA, NA, NA","NA, NA, NA, NA","FALSE, FALSE, FALSE, FALSE","NA, NA, Komiskey, Matthew J.:There was some changes in the bottle labeling so may affected results, NA","SW1","WY16","2016-03-06 19:59:59","2016-03-10 03:51:59","2016-03-06 19:59:59","2016-03-10 03:51:59",0.542,0.162,2.7,0.06,0.432,0.324,0.216,0.162,0.09,78.4283475771301,0.127053923074951,0.145590311562659,0,0,0,0,"2016-02-24 02:34:00",0.138747736555556,0.2848,0.163895972979094,0.542,0.0675219691963795,0.542,0.0491762396418695,0.542
"SW1-59",9011.29240924092,32.8103630363036,5.34838283828383,0.132059405940594,25.0478349834983,0.385679867986799,9.59534719471947,30.3962178217822,24.9157755775578,22091.02203912,80.434017678,13.111464792,0.3237412698,61.4043191058,0.9454872927,23.52282189114,74.5157838978,61.080577836,39268.8,"NA, NA","NA, NA","NA, NA","NA, NA","NA, NA","NA, NA","NA, NA","FALSE, FALSE","NA, NA","SW1","WY16","2016-03-13 17:30:00","2016-03-17 18:29:59","2016-03-13 17:30:00","2016-03-17 18:29:59",2.22,0.306,10.5,0.0291428571428571,0.108,0.108,0.108,0.09,0.072,110.639646724572,0.099575682052115,0.115848193682536,0,0,0.171,0.171,"2016-02-28 16:50:00",8.62500020833333e-05,0.00162,0.0021781250859375,0.0061,0.117709246126759,0.542,0.0581108848460864,0.542
"SW1-6",2483,30.5,17.5,0.1,9,0.13,2.46,26.5,8.9,984.3711969,12.09155115,6.93777525,0.03964443,3.5679987,0.051537759,0.975252978,10.50577395,3.52835427,6350.4,"HT",NA,NA,NA,NA,NA,NA,"FALSE",NA,"SW1","WY12","2012-04-19 20:39:59","2012-04-20 22:00:00","2012-04-19 20:35:00","2012-04-20 02:55:00",0.6134,1.485,13.1833333333333,0.112642225031606,0.432,0.378,0.36,0.324,0.297,853.470383310728,2.76524404192676,3.17919218928159,0,0.073,1.02,1.047,"2012-04-05 16:39:00",0,0,0,0,0.000309017638691323,0.0444822,0.00015776281771968,0.0444822
"SW1-60",317.193864507882,33.8440562420111,4.66608436301662,0.122202812100554,2.19214316148274,0.306556455048999,0.909787814230933,6.85822752449936,2.06994034938219,401.54359852,42.84403216,5.906912194,0.1546995778,2.7750885248,0.38807743744,1.15172301136,8.6820007188,2.620388947,20278.08,"NA, NA","NA, NA","NA, NA","NA, NA","NA, NA","NA, NA","NA, NA","FALSE, FALSE","NA, NA","SW1","WY16","2016-03-26 11:15:00","2016-03-28 21:15:00","2016-03-26 11:15:00","2016-03-28 21:15:00",0.4885,0.009,0.0166666666666667,0.54,0.108,0.054,0.036,0.018,0.009,0,0,0,0,0,0,1.545,"2016-03-13 10:12:00",0.118803612115897,0.3024,0.107903422953058,0.3024,0.0804412580445387,0.3024,0.142047443734534,2.22
"SW1-61",2048.13702623907,25.2791545189504,4.74416909620991,0.0544169096209913,5.77437317784257,0.37169970845481,2.56078717201166,10.5185422740525,5.71995626822157,3031.36306544,37.41463308,7.02164884,0.0805402216,8.5464113744,0.55013739472,3.790115384,15.5680602144,8.4658711528,23708.16,"NA, NA","NA, NA","NA, NA","NA, NA","NA, NA","NA, NA","NA, NA","FALSE, FALSE","NA, NA","SW1","WY16","2016-03-31 00:11:59","2016-04-01 06:00:00","2016-03-31 00:11:59","2016-04-01 19:14:59",1.0623,0.657,7.78333333333333,0.0844111349036403,0.54,0.486,0.432,0.342,0.288,380.012345861345,1.2996422228458,1.46250199074791,0.027,0.027,0.225,0.225,"2016-03-16 22:20:00",0,0,0,0,0.0988812963119976,0.4885,0.0813891991044071,0.4885
"SW1-62",6410,10.2,5.6,0.25,19.5,0.022,7,25.1,19.25,1721.7980484,2.739834648,1.504222944,0.06715281,5.23791918,0.00590944728,1.88027868,6.742142124,5.17076637,4302.72,NA,NA,NA,NA,NA,NA,NA,"FALSE",NA,"SW1","WY16","2016-06-15 18:44:00","2016-06-16 04:00:00","2016-06-15 18:44:00","2016-06-16 05:30:00",2.21,0.734,1.15,0.638260869565217,1.14,1.08,1.06,0.979999999999999,0.716,689.460929146396,6.75671710563467,6.32754679525036,0.406,0.478,1.053,1.089,"2016-06-01 18:27:00",0.00139529419117647,0.01247,0.000797310966386555,0.01247,0.000499112598675497,0.04355,0.000262416442896936,0.04355
"SW1-63",1510,2.1,0.05,0.14,5.06,0.565,2.2,5.11,4.92,166.965079,0.23220309,0.005528645,0.015480206,0.559498874,0.0624736885,0.24326038,0.565027519,0.544018668,1771.2,NA,NA,NA,NA,NA,NA,NA,"FALSE",NA,"SW1","WY16","2016-06-26 03:38:00","2016-06-26 06:13:00","2016-06-26 03:38:00","2016-06-26 10:45:00",0.6944,1.218,3.78333333333333,0.321938325991189,2.208,1.788,1.608,1.27,0.966,1104.11919035047,14.0223137174509,13.5260134905823,0,0,0.295,2.091,"2016-06-12 03:22:00",0,0,0,0,0,0,0.0390698833716834,2.21
"SW1-64",42,16.3,0.7,0.05,2.21,1.2,1.3,2.91,2.16,0.43042524,0.167045986,0.007173754,0.000512411,0.0226485662,0.012297864,0.013322686,0.0298223202,0.0221361552,164.16,NA,NA,NA,NA,NA,NA,NA,"FALSE",NA,"SW1","WY16","2016-07-29 02:19:59","2016-07-29 03:29:59","2016-07-29 02:19:59","2016-07-29 03:29:59",0.0845,0.974,2.41666666666667,0.403034482758621,2.076,1.902,1.876,1.6,0.947,954.805051653318,15.2768808264531,14.332978480156,0.099,0.126,0.793,1.805,"2016-07-15 01:45:00",0,0,0,0,0,0,0,0
"SW1-66",112,43.9,0.05,0.32,3.42,1.4,1.8,3.47,3.1,10.99472192,4.309538324,0.004908358,0.0314134912,0.3357316872,0.137434024,0.176700888,0.3406400452,0.304318196,1572.48,NA,NA,NA,NA,NA,NA,NA,"FALSE",NA,"SW1","WY16","2016-09-10 04:52:00","2016-09-10 17:44:59","2016-09-10 04:52:00","2016-09-10 17:44:59",0.1564,0.254,0.75,0.338666666666667,0.66,0.546,0.436,0.344,0.254,192.340828866308,0.661652451300099,0.67152105698078,0.22,0.229,2.309,2.886,"2016-08-27 04:28:00",0,0,0,0,0.126561258510165,3.006,0.086386565869471,3.006
"SW1-68",366,28.9,4.7,0.17,4.76,1,1.8,9.46,4.59,402.7226832,31.79968728,5.17157544,0.187056984,5.237595552,1.1003352,1.98060336,10.409170992,5.050538568,17625.6,NA,NA,NA,NA,NA,NA,NA,"FALSE",NA,"SW1","WY16","2016-09-21 22:50:59","2016-09-23 00:45:00","2016-09-21 22:50:59","2016-09-23 00:45:00",1.288,1.374,12.5333333333333,0.109627659574468,1.128,0.671999999999999,0.447999999999999,0.382,0.315,892.243015588419,3.40836831954776,3.67399964199508,0.153,0.153,0.485,3.776,"2016-09-07 20:39:00",0,0,0,0,0,0,0.121033658861638,3.799999
"SW1-7",6357,23.9,6,0.15,19.6,0.077,6.6,25.6,19.45,116.58051444,0.438300188,0.11003352,0.002750838,0.359442832,0.00141209684,0.121036872,0.469476352,0.356691994,293.76,"HT",NA,NA,NA,NA,NA,NA,"FALSE","Komiskey, Matthew J.:times were off on split, split was not done properly","SW1","WY12","2012-05-02 05:42:59","2012-05-02 07:00:59","2012-05-02 05:42:00","2012-05-02 07:02:00",0.2276,0.505,2.45,0.206122448979592,1.596,1.464,1.192,0.74,0.406,423.218994594451,3.13182055999894,3.07852590286275,0,0,0.279,1.846,"2012-04-18 05:05:00",0,0,0,0,9.04630656934307e-05,0.0079424,0.0208576987341772,0.612392
"SW3-1",5,5.2,1.4,1.69,2.54,0.196,0.242,3.94,0.85,1.6316245,1.69688948,0.45685486,0.551489081,0.828865246,0.0639596804,0.0789706258,1.285720106,0.277376165,5227.2,"HT",NA,NA,NA,NA,NA,NA,"TRUE",NA,"SW3","WY14","2014-03-11 10:39:59","2014-03-12 21:45:59","2014-03-11 00:00:59","2014-03-12 21:45:59",0.0895,NA,NA,NA,NA,NA,NA,NA,NA,NA,NA,NA,NA,NA,NA,NA,NA,NA,NA,NA,NA,NA,NA,NA,NA
"SW3-10",5750.18991097923,5.14985163204748,0.243323442136498,0.3913353115727,28.8916913946587,0.086566765578635,9.6086646884273,29.1350148367952,28.5003560830861,1045.21811532,0.93609399,0.04422916,0.0711334344,5.25167337,0.01573533274,1.7465771656,5.29590253,5.1805399356,2911.68,"HT, HT","NA, NA","NA, NA","NA, NA","HT, HT","NA, NA","HT, HT","FALSE, FALSE","NA, NA","SW3","WY14","2014-05-07 05:59:00","2014-05-08 08:15:00","2014-05-07 05:59:00","2014-05-08 08:15:00",0.7022,0.696,7.1,0.0980281690140845,3.276,2.598,2.06,1.156,0.587,658.314580445857,7.6101165499541,7.26712141709588,0,0,0.0809999999999999,1.08,"2014-04-23 00:38:00",0,0,0,0,0,0,0.000673716155234657,0.026995
"SW3-1073",247,63.3,17.5,0.24,3.43,0.124,0.877,20.93,3.19,11.3242831,2.90213409,0.80232775,0.011003352,0.157256239,0.0056850652,0.0402080821,0.959583989,0.146252887,734.4,NA,NA,NA,NA,NA,NA,NA,"FALSE",NA,"SW3","WY16","2015-11-26 21:51:59",NA,"2015-11-26 17:03:00","2015-11-27 09:29:59",0.0267,1.152,12.1833333333333,0.0945554035567716,0.324,0.27,0.252,0.216,0.189,553.634691985841,1.19585093468942,1.47541538890806,0.036,0.036,0.036,0.666,"2015-11-12 12:59:00",0,0,0,0,0,0,4.59788732394366e-05,0.00954
"SW3-11",3186,5.8,0.2,0.05,17.9,0.168,5.85,18.1,17.85,2615.50324296,4.761430888,0.164187272,0.041046818,14.694760844,0.13791730848,4.802477706,14.858948116,14.653714026,13150.08,"HT",NA,NA,NA,"HT",NA,"HT","FALSE",NA,"SW3","WY14","2014-05-12 05:19:59","2014-05-13 03:45:00","2014-05-12 05:19:00","2014-05-13 15:15:00",2.615,0.984,3.28333333333333,0.299695431472081,1.92,1.392,1.184,0.995999999999999,0.813,878.722595165068,8.75207704784407,8.46415826600192,0.243,0.243,1.263,1.902,"2014-04-28 04:30:00",0,0,0,0,0.0322435349462366,0.7009,0.0165511324857812,0.7009
"SW3-1111",6,19.9,12.5,0.08,1.17,0.075,0.127,13.67,1.09,0.16505028,0.547416762,0.34385475,0.0022006704,0.0321848046,0.0020631285,0.00349356426,0.3760395546,0.0299841342,440.64,NA,NA,NA,NA,NA,NA,NA,"TRUE",NA,"SW3","WY16","2016-02-21 07:14:59",NA,"2016-02-20 16:59:59","2016-02-21 07:45:00",0.0171,NA,NA,NA,NA,NA,NA,NA,NA,NA,NA,NA,NA,NA,NA,NA,NA,NA,NA,NA,NA,NA,NA,NA,NA
"SW3-1150",39,6.5,5,0.05,1.29,0.07,0.21,6.29,1.24,2.25083274,0.37513879,0.2885683,0.002885683,0.0744506214,0.0040399562,0.0121198686,0.3630189214,0.0715649384,924.48,NA,NA,NA,NA,NA,NA,NA,"FALSE",NA,"SW3","WY16","2016-03-08 09:49:59",NA,"2016-03-08 02:53:59","2016-03-08 23:15:00",0.0283,NA,NA,NA,NA,NA,NA,NA,NA,NA,NA,NA,NA,NA,NA,NA,NA,NA,NA,NA,NA,NA,NA,NA,NA
"SW3-12",10994.5,12.4762800181242,0.55,2.08597643860444,56.5172179429089,0.560557997281377,18.3465201631174,57.0672179429089,54.4312415043045,26175.96199174,29.703818414,1.309452826,4.96634135,134.55751046,1.33458955214,43.6798230452,135.866963286,129.59116911,38136.96,"HT, HT, HT, HT, HT","NA, NA, NA, NA, NA","NA, NA, NA, NA, NA","NA, NA, NA, NA, NA","NA, NA, NA, NA, NA","NA, NA, NA, NA, NA","NA, NA, NA, NA, NA","FALSE, FALSE, FALSE, FALSE, FALSE","NA, NA, NA, NA, NA","SW3","WY14","2014-06-01 18:15:00","2014-06-02 13:45:00","2014-06-01 18:15:00","2014-06-02 13:45:59",6.87,2.628,12.05,0.218091286307054,2.892,2.526,2.1,1.302,0.815,2300.28132998224,29.9496629163688,29.6742496304144,0,0,0.072,0.072,"2014-05-18 16:01:00",0,0,0,0,0,0,0.00152786075497707,0.154217838322506
"SW3-13",957,27.5,2.4,0.32,8.2,0.324,2.18,10.6,7.88,112.52869188,3.2335831,0.282203616,0.0376271488,0.964195688,0.03809748816,0.2563349512,1.246399304,0.9265685392,1883.52,"HT",NA,NA,NA,NA,NA,NA,"FALSE",NA,"SW3","WY14","2014-06-18 08:53:59","2014-06-18 12:29:59","2014-06-18 08:53:59","2014-06-18 16:00:00",0.354,1.071,9.25,0.115783783783784,0.756,0.648,0.576,0.522,0.315,639.144742222404,3.33633555440095,3.72474737075947,0.279,0.657,0.748,0.766,"2014-06-04 02:00:00",0,0,0,0,0,0,0,0
"SW3-1303",239,0.5,1.6,0.15,2.56,0.24,0.899,4.16,2.41,2.06258912,0.00431504,0.013808128,0.001294512,0.0220930048,0.0020712192,0.00775844192,0.0359011328,0.0207984928,138.24,NA,NA,NA,NA,NA,NA,NA,"FALSE",NA,"SW3","WY16","2016-08-21 14:19:59",NA,"2016-08-21 13:52:59","2016-08-21 15:29:59",0.1063,NA,NA,NA,NA,NA,NA,NA,NA,NA,NA,NA,NA,NA,NA,NA,NA,NA,NA,NA,NA,NA,NA,NA,NA
"SW3-14",1801.88105726872,11.9541850220264,8.62819383259912,0.365770925110132,9.90088105726872,0.232070484581498,3.13035242290749,18.5290748898678,9.53511013215859,441.24196652,2.927323136,2.112859336,0.0895694428,2.4245131,0.0568290768,0.7665560684,4.537372436,2.3349436572,3922.56,"HT, HT","NA, NA","NA, NA","NA, NA","NA, NA","NA, NA","NA, NA","FALSE, FALSE","NA, Komiskey, Matthew J.:flume undercut….estimated event","SW3","WY14","2014-08-11 21:15:00","2014-08-12 11:15:00","2014-08-11 21:13:59","2014-08-12 11:15:00",0.7256,2.634,12.2,0.215901639344262,3.396,3.27,2.74,1.882,1.329,2142.49069815791,40.3216749393318,40.9759450151854,0,0,0,1.01,"2014-07-28 20:57:00",0,0,0,0,0,0,0.00139173094183686,0.181697675388223
"SW3-15",6910,5.2,2.8,0.19,26.8,0.241,11,29.6,26.61,1818.8325104,1.368730688,0.737008832,0.0500113136,7.054227392,0.06343540304,2.89539184,7.791236224,7.0042160784,4216.32,NA,NA,NA,NA,NA,NA,NA,"FALSE",NA,"SW3","WY14","2014-08-18 17:28:00","2014-08-18 19:00:00","2014-08-18 17:23:00","2014-08-18 19:07:00",2.964,1.522,4.88333333333333,0.311672354948805,4.98,4.434,3.88,2.298,1.176,1498.96461777594,34.4462069164911,33.9299742802364,0,0,2.634,2.634,"2014-08-04 16:39:00",0,0,0,0,0.0543454431683779,0.726535611942372,0.0342241551192594,0.726535611942372
"SW3-16",1139,5.9,3,0.15,8.1,0.231,2.6,11.1,7.95,38.08993684,0.197305204,0.10032468,0.005016234,0.270876636,0.00772500036,0.086948056,0.371201316,0.265860402,535.68,NA,NA,NA,NA,NA,NA,NA,"FALSE",NA,"SW3","WY14","2014-08-19 02:01:59","2014-08-19 04:00:00","2014-08-19 01:59:59","2014-08-19 04:14:59",0.1872,0.261,3.15,0.0828571428571429,0.539999999999999,0.324,0.288,0.234,0.234,152.252047558625,0.356269791287184,0.398537428575801,1.522,1.522,2.35,4.156,"2014-08-05 00:32:00",0.365442846811601,2.96543275765362,0.244050067247886,2.96543275765362,0.0920952232156763,2.96543275765362,0.0693762086695057,2.96543275765362
"SW3-17",1881,3.4,1.2,0.02,12.3,0.149,3.96,13.5,12.28,44.64124632,0.080691248,0.028479264,0.0004746544,0.291912456,0.00353617528,0.0939815712,0.32039172,0.2914378016,380.16,"HT",NA,NA,NA,NA,NA,NA,"FALSE",NA,"SW3","WY14","2014-08-25 07:09:59","2014-08-25 10:14:59","2014-08-25 07:09:00","2014-08-25 10:30:00",0.1973,0.471,2.91666666666667,0.161485714285714,2.304,1.422,1.02,0.51,0.255,405.815035246187,2.06965667975555,2.03820230303756,0,0,1.873,4.507,"2014-08-11 07:03:00",0,0,0,0,0.0915807666365442,2.96543275765362,0.0703644282895282,2.96543275765362
"SW3-18",493,5.8,2,0.21,4,0.11,1.36,6,3.79,6.6478585,0.0782101,0.026969,0.002831745,0.053938,0.001483295,0.01833892,0.080907,0.051106255,216,NA,NA,NA,NA,NA,NA,NA,"FALSE",NA,"SW3","WY14","2014-09-04 19:50:00","2014-09-04 22:45:00","2014-09-04 19:48:59","2014-09-04 23:30:00",0.1008,0.526,2.25,0.233777777777778,1.452,1.05,0.808,0.584,0.427,422.630366139249,2.46816133825321,2.46408898046729,0.127,0.127,0.451,0.931,"2014-08-21 19:40:00",0,0,0,0,0,0,0.00362320461149138,0.197459508490964
"SW3-19",1002,3.7,0.9,0.3,6.4,0.161,2.05,7.3,6.1,94.03982424,0.347252844,0.084466908,0.028155636,0.600653568,0.01511019132,0.192396846,0.685120476,0.572497932,1503.36,NA,NA,NA,NA,NA,NA,NA,"FALSE",NA,"SW3","WY14","2014-09-05 05:35:00","2014-09-05 08:15:00","2014-09-05 05:30:00","2014-09-05 10:30:00",0.5095,0.49,1.18333333333333,0.414084507042253,2.424,1.59,1.132,0.584,0.373,412.982437176731,2.41181743311211,2.33048509199199,0.653,0.653,0.869,1.457,"2014-08-22 05:34:00",0.0147719092941245,0.0877568553304238,0.00968910179507094,0.0877568553304238,0.00345243857065746,0.0877568553304238,0.0052035648759894,0.197459508490964
"SW3-2",66,2.6,0.4,1.12,2.17,0.263,0.386,2.57,1.05,41.97131532,1.653415452,0.254371608,0.7122405024,1.3799659734,0.16724933226,0.24546860172,1.6343375814,0.667725471,10186.56,"HT",NA,NA,NA,NA,NA,NA,"TRUE",NA,"SW3","WY14","2014-03-14 12:15:00","2014-03-16 00:06:59","2014-03-14 12:15:00","2014-03-16 00:06:59",0.2944,1.157,0.0166666666666667,69.42,13.884,6.942,4.628,2.314,1.157,0,0,0,0.94,0.94,0.94,0.94,"2014-02-25 12:13:00",0.013675899826087,0.02235,0.013675899826087,0.02235,0.013675899826087,0.02235,0.013675899826087,0.02235
"SW3-20",429,9.2,1.4,0.18,4.5,0.173,1.13,5.9,4.32,11.569701,0.2481148,0.0377566,0.00485442,0.1213605,0.004665637,0.03047497,0.1591171,0.11650608,432,"HT",NA,NA,NA,NA,NA,NA,"FALSE",NA,"SW3","WY14","2014-09-20 03:09:59","2014-09-20 06:45:00","2014-09-20 03:09:00","2014-09-20 07:00:00",0.2318,0.558,2.6,0.214615384615385,1.92,1.284,1.296,0.774,0.432,445.552042073991,3.44857280565269,3.46515314469258,0,0,0.072,0.792,"2014-09-06 03:05:00",0,0,0,0,0,0,0.00027912181186303,0.0127638985785181
"SW3-22",69,12.4,1.5,0.17,1.88,0.137,0.398,3.38,1.71,1.82364378,0.327727288,0.03964443,0.0044930354,0.0496876856,0.00362085794,0.01051898876,0.0893321156,0.0451946502,423.36,"HT",NA,NA,NA,NA,NA,NA,"FALSE",NA,"SW3","WY15","2014-10-03 05:30:00","2014-10-03 09:45:00","2014-10-03 05:26:59","2014-10-03 10:00:00",0.0543,0.449999989,5.2,0.0865384594230769,0.216000072,0.216000072,0.216000072,0.180000002,0.161999996,213.640854891628,0.384553543077747,0.47183742562585,0.099000007,0.207000007,0.324000007,1.296000007,"2014-09-19 02:54:00",0,0,0,0,0,0,0.0137818071480273,0.353362046592129
"SW3-23",124,22.4,0.05,0.02,4.1,0.63,1.31,4.15,4.08,13.77792272,2.488915072,0.005555614,0.0022222456,0.455560348,0.0700007364,0.1455570868,0.461115962,0.4533381024,1779.84,"HT",NA,NA,NA,NA,NA,NA,"FALSE",NA,"SW3","WY15","2014-10-13 19:12:59","2014-10-14 07:59:59","2014-10-13 19:12:00","2014-10-14 08:15:00",0.1497,0.962999993,9.4,0.102446807765957,0.755999988,0.648000108,0.540000108,0.378000032,0.279000017,560.224855577533,2.11765013335503,2.38180931534877,0.018,0.018,0.018,0.774,"2014-09-29 16:29:00",0,0,0,0,0,0,0.00365954170943536,0.0540089550365297
"SW3-24",60,24.4,0.05,0.06,3.43,0.33,0.736,3.48,3.37,1.2621492,0.513274008,0.001051791,0.0012621492,0.0721528626,0.0069418206,0.01548236352,0.0732046536,0.0708907134,336.96,"HT",NA,NA,NA,NA,NA,NA,"FALSE",NA,"SW3","WY15","2014-10-14 12:15:00","2014-10-14 15:45:00","2014-10-14 12:11:00","2014-10-14 16:00:00",0.0652,0.126000049,1.68333333333333,0.0748515142574257,0.108000756,0.108000042,0.10800028,0.108000042,0.090000035,50.6897794631663,0.054744983109927,0.0694484621594864,1.070999974,1.088999974,1.088999974,1.844999974,"2014-09-30 11:42:00",0.0421247724762939,0.149192405479452,0.0364774021579946,0.149192405479452,0.0220189768600281,0.149192405479452,0.0155230417476329,0.149192405479452
"SW3-25",32,21.7,0.05,0.09,2.34,0.24,0.443,2.39,2.25,0.72492672,0.491590932,0.001132698,0.0020388564,0.0530102664,0.0054369504,0.01003570428,0.0541429644,0.05097141,362.88,"HT",NA,NA,NA,NA,NA,NA,"FALSE",NA,"SW3","WY15","2014-10-15 01:21:59","2014-10-15 06:00:00","2014-10-15 01:18:00","2014-10-15 07:00:00",0.0478,0.134999993,3.88333333333333,0.034763946695279,0.216000084,0.21599937,0.179999832,0.108000042,0.062999965,54.9502735126867,0.0593463184728166,0.0694908326971013,0.324000003,1.241999981,1.259999981,2.015999981,"2014-10-01 00:55:00",0.0307041792476103,0.104036611488584,0.0362693425620897,0.149192405479452,0.0231645276333587,0.149192405479452,0.0165784452625751,0.149192405479452
"SW3-26",174,68.4,5.1,1.83,7.1,0.139,0.524,12.2,5.27,4.78645812,1.881573192,0.140292738,0.0503403354,0.195309498,0.00382366482,0.01441439112,0.335602236,0.1449691626,440.64,"HT",NA,NA,NA,NA,NA,NA,"TRUE",NA,"SW3","WY15","2014-12-16 07:09:59","2014-12-16 15:11:00","2014-12-16 07:00:00","2014-12-16 15:11:00",0.0247,0.22499999,14.45,0.0155709335640138,0.108000036,0.108000036,0.072000024,0.072000024,0.053999988,76.9536268968431,0.0554066298345975,0.0565932656021393,0,0,0,0.054000002,"2014-12-01 20:17:00",0,0,0,0,0,0,0,0
"SW3-27",1256,26.6,3.2,1.39,10.3,0.146,2.68,13.5,8.91,447.80190608,9.483702788,1.140896576,0.4955769502,3.672260854,0.05205340628,0.9555008824,4.81315743,3.1766839038,5711.04,"HT",NA,NA,NA,NA,NA,NA,"TRUE",NA,"SW3","WY15","2014-12-23 04:45:00","2014-12-23 10:07:59","2014-12-23 04:45:00","2014-12-23 10:07:59",0.7759,0.045000002,2.73333333333333,0.0164634153658537,0.108000036,0.108000006,0.072000004,0.036000002,0.027000001,13.2393123306896,0.00476615270383449,0.00484955708569753,0,0,0,0.22499999,"2014-12-13 05:51:00",0,0,0,0,0.0518170630641558,0.774802784687534,0.0320893946528293,0.774802784687534
"SW3-28",893,9.4,1.2,1.25,5.3,0.206,1.33,6.5,4.05,62.13495786,0.654052188,0.083496024,0.086975025,0.368774106,0.01433348412,0.0925414266,0.45227013,0.281799081,1114.56,"HT",NA,NA,NA,NA,NA,NA,"TRUE",NA,"SW3","WY15","2015-03-08 12:29:59","2015-03-08 18:29:59","2015-03-08 12:15:00","2015-03-08 18:45:00",0.11,0.018,0.216666666666667,0.0830769230769231,0.108,0.054,0.072,0.036,0.018,3.40580954561145,0.00122609143642012,0.00152349122827323,0,0,0,0,"2015-03-06 22:09:00",0,0,0,0,0,0,0.00620708206057514,0.11
"SW3-29",1614,44.3,10.4,0.27,13.9,0.067,4.09,24.3,13.63,9.57615252,0.262839874,0.061705072,0.0016019586,0.082471202,0.00039752306,0.0242667062,0.144176274,0.0808692434,95.04,NA,NA,NA,NA,NA,NA,NA,"FALSE",NA,"SW3","WY15","2015-04-09 14:46:00","2015-04-09 18:15:00","2015-04-09 14:46:00","2015-04-09 18:15:00",0.0303,0.261000028,1.21666666666667,0.214520570958904,0.432000144,0.378000126,0.324000108,0.287999978,0.225000016,156.900855276779,0.451874428678936,0.512752978396338,0.404999959,0.746999959,0.980999952,1.169999955,"2015-03-26 14:00:00",0,0,0,0,0,0,0,0
"SW3-3",105,2.5,0.3,1.59,3.64,0.514,0.797,3.94,2.05,89.5397769,2.13189945,0.255827934,1.3558880502,3.1040455992,0.43831852692,0.67964954466,3.3598735332,1.748157549,13659.84,"HT",NA,NA,NA,NA,NA,NA,"TRUE",NA,"SW3","WY14","2014-03-18 14:30:00","2014-03-22 10:45:00","2014-03-18 14:30:00","2014-03-22 10:45:00",0.3008,0.009,0.0166666666666667,0.54,0.108,0.054,0.036,0.018,0.009,0,0,0,0,0,0,2.097,"2014-03-05 12:00:00",0.0277494164668265,0.05028,0.0154699286987522,0.05028,0.0278950860749588,0.2944,0.0303706151183203,0.2944
"SW3-30",1779,48,17.6,0.41,15.3,0.064,4.14,32.9,14.89,28.7867106,0.7767072,0.28479264,0.006634374,0.24757542,0.0010356096,0.066990996,0.53236806,0.240941046,259.2,NA,NA,NA,NA,NA,NA,NA,"FALSE",NA,"SW3","WY15","2015-04-09 19:14:59","2015-04-10 00:00:00","2015-04-09 19:14:59","2015-04-10 00:15:00",0.0773,0.215999965,1.58333333333333,0.136421030526316,0.540000924,0.378000504,0.252000336,0.197999958,0.12599993,119.641398844013,0.236889919461757,0.272605547289664,0.665999987,1.007999987,1.24199998,1.430999983,"2015-03-26 18:58:00",0.00499372990353698,0.03032,0.00352965909090909,0.03032,0.00164518008474576,0.03032,0.000948717165546732,0.03032
"SW3-31",1996,38.5,13.5,0.32,16.9,0.066,4.62,30.4,16.58,41.98749672,0.80987907,0.28398357,0.0067314624,0.355505358,0.00138836412,0.0971854884,0.639488928,0.3487738956,336.96,NA,NA,NA,NA,NA,NA,NA,"FALSE",NA,"SW3","WY15","2015-04-10 01:09:00","2015-04-10 07:00:00","2015-04-10 01:09:59","2015-04-10 06:45:00",0.0528,0.180000073,3.53333333333333,0.0509434168867925,0.648000288,0.48599985,0.360000152,0.233999978,0.126000052,100.91619863274,0.236143882599047,0.252216183913432,0.881999952,0.953999947,1.457999945,1.646999948,"2015-03-27 00:55:00",0.0113667437379576,0.07726,0.00948446945337621,0.07726,0.00512095486111111,0.07726,0.00319747425474255,0.07726
"SW3-32",7220,19.3,10.7,1.42,38,0.177,12.7,48.7,36.58,179.1388856,0.478861564,0.265482836,0.0352323016,0.94283624,0.00439163196,0.315105796,1.208319076,0.9076039384,397.44,NA,NA,NA,NA,NA,NA,NA,"FALSE",NA,"SW3","WY15","2015-05-17 16:59:00","2015-05-17 18:49:00","2015-05-17 16:57:59","2015-05-17 19:14:59",0.2832,0.335000006,0.766666666666667,0.436956529565217,3.588,1.956000018,1.304000012,0.652000006,0.335000006,337.372193459928,2.19966672160106,2.13359941462252,0,0,0.360000007,0.486000007,"2015-05-03 16:52:00",0,0,0,0,0,0,0,0
"SW3-33",2630,8.9,5.1,0.31,16,0.18,5.61,21.1,15.69,483.7321654,1.636964362,0.938035758,0.0570178598,2.94285728,0.0331071444,1.0318393338,3.880893038,2.8858394202,2946.24,NA,NA,NA,NA,NA,NA,NA,"FALSE",NA,"SW3","WY15","2015-05-24 20:14:00","2015-05-25 04:25:59","2015-05-24 20:14:00","2015-05-25 04:25:59",0.7178,1.653000039,12.2333333333333,0.135122618991826,1.343999964,0.924000384,0.86800014,0.758000092,0.532000103,1186.82671114507,8.9961475623602,9.3135448201652,0,0,0.335000006,0.695000013,"2015-05-10 12:54:00",0,0,0,0,0.00851490372272144,0.2832,0.00446674074074074,0.2832
"SW3-34",904,12.1,4.4,0.35,6.9,0.157,2.23,11.3,6.55,78.50352272,1.050766178,0.382096792,0.030394063,0.599197242,0.01363390826,0.1936536014,0.981294034,0.568803179,1391.04,NA,NA,NA,NA,NA,NA,NA,"FALSE",NA,"SW3","WY15","2015-05-30 05:10:59","2015-05-30 13:30:00","2015-05-30 04:59:59","2015-05-30 13:59:59",0.3088,0.755999977,15.8666666666667,0.0476470573739496,0.540000036,0.378000054,0.288000096,0.252000084,0.188999945,364.533329056801,0.918624295431136,1.05780958391482,0.045000002,0.045000002,1.985999996,2.321000002,"2015-05-15 21:21:00",0,0,0,0,0.0410735953177258,0.7178,0.0282314582278481,0.7178
"SW3-35",216,13.4,5,0.14,2.7,0.102,0.692,7.7,2.56,36.58290912,2.269495288,0.8468266,0.0237111448,0.457286364,0.01727526264,0.11720080144,1.304112964,0.4335752192,2712.96,NA,NA,NA,NA,NA,NA,NA,"FALSE",NA,"SW3","WY15","2015-06-11 22:43:59","2015-06-12 08:30:00","2015-06-11 22:39:00","2015-06-12 08:30:00",0.2012,0.935999922,9.8,0.095510196122449,0.32400084,0.270000462,0.252000336,0.198000076,0.153000057,445.698130721506,0.88248263755916,1.10028936169055,0.52200001,0.53100001,1.176999995,1.977999974,"2015-05-28 21:20:00",0,0,0,0,0,0,0.0120531091101695,0.3088
"SW3-36",2170,2.7,1,0.3,9.5,0.21,3.56,10.5,9.2,1058.0909584,1.316518704,0.48759952,0.146279856,4.63219544,0.1023958992,1.7358542912,5.11979496,4.485915584,7810.56,NA,NA,NA,NA,NA,NA,NA,"FALSE",NA,"SW3","WY15","2015-06-15 15:47:00","2015-06-15 19:14:59","2015-06-15 15:49:00","2015-06-15 19:30:00",3.174,1.063000015,2.08333333333333,0.5102400072,2.904,2.29200006,2.04800028,1.40600011,0.883000073,987.763931195531,13.8879619591495,13.4911122977438,0,0.008999998,1.565999937,2.148999916,"2015-06-01 15:30:00",0,0,0,0,0.036518038897893,0.2012,0.0230031955079122,0.2012
"SW3-37",326,2.9,4.4,0.27,2.34,0.177,0.823,6.74,2.07,13.36367888,0.118879352,0.180368672,0.0110680776,0.0959233392,0.00725573976,0.03373714024,0.2762920112,0.0848552616,656.64,NA,NA,NA,NA,NA,NA,NA,"FALSE",NA,"SW3","WY15","2015-09-08 09:06:00","2015-09-08 11:42:59","2015-09-08 09:06:00","2015-09-08 11:44:00",0.3594,1.499000214,5.46666666666667,0.274207356219512,3.40799988,2.73,2.144000412,1.144000234,0.977000112,1352.67568597097,15.474613012769,15.3366700225281,0.035999953,0.765999987,0.972999985,1.467999979,"2015-08-25 08:06:00",0,0,0,0,0,0,0,0
"SW3-38",965,7,0.05,0.05,7.99,0.178,2.89,8.04,7.94,175.4090729,1.27239742,0.009088553,0.009088553,1.4523507694,0.03235524868,0.5253183634,1.4614393224,1.4432622164,2911.68,NA,NA,NA,NA,NA,NA,NA,"FALSE",NA,"SW3","WY15","2015-09-19 00:22:00","2015-09-19 04:30:00","2015-09-19 00:22:00","2015-09-19 04:30:00",0.5686,1.017000051,6.3,0.16142857952381,0.864000444,0.75600036,0.648000296,0.504000096,0.432000048,706.320921099153,3.55985812040782,3.75908003140952,0.18899999,0.391999981,0.391999981,2.693000008,"2015-09-04 21:18:00",0,0,0,0,0,0,0.0068044347826087,0.3594
"SW3-4",775,2.6,0.6,1.46,8.6,0.672,2.92,9.2,7.14,529.212687,1.775423208,0.409713048,0.9969684168,5.872553688,0.45887861376,1.9939368336,6.282266736,4.8755852712,10938.24,"HT",NA,NA,NA,NA,NA,NA,"TRUE",NA,"SW3","WY14","2014-03-27 11:26:59","2014-03-28 10:27:00","2014-03-27 11:26:59","2014-03-28 10:27:00",0.925,0.513,8.11666666666667,0.0632032854209446,0.324,0.324,0.288,0.234,0.225,266.042985590921,0.622540586282756,0.719522114536585,0,0,0,0.009,"2014-03-13 15:34:00",0.0072511410778015,0.06163,0.00230718125202775,0.06163,0.0224581425491663,0.3008,0.0270517490102547,0.3008
"SW3-40",72,35.9,5.6,0.17,5.59,0.44,0.929,11.19,5.42,2.40779232,1.200552004,0.187272736,0.0056850652,0.1869383204,0.0147142864,0.03106720924,0.3742110564,0.1812532552,535.68,NA,NA,NA,NA,NA,NA,NA,"FALSE",NA,"SW3","WY16","2015-10-31 10:00:59","2015-10-31 19:00:00","2015-10-31 10:00:59","2015-10-31 19:00:00",0.0406,0.315,9.11666666666667,0.0345521023765996,0.216,0.108,0.108,0.09,0.072,116.749661188553,0.105074695069697,0.125513974011669,0,0.00900000000000001,0.729,1.089,"2015-10-17 04:25:00",0,0,0,0,0.00947270928197211,0.09117001,0.00555201408003503,0.09117001
"SW3-41",817.667327714427,17.7889439762023,12.1107585523054,0.15,6.85669310857709,0.903657907783837,2.93926623698562,18.9674516608825,6.70669310857709,889.5643743,19.353116214,13.175651012,0.163189419,7.459598431,0.98311605964,3.19771433,20.635249443,7.296409012,17426.88,"NA, NA","NA, NA","NA, NA","NA, NA","NA, NA","NA, NA","NA, NA","FALSE, FALSE","NA, NA","SW3","WY16","2015-12-13 06:04:59","2015-12-15 11:30:00","2015-12-13 06:04:59","2015-12-15 11:30:00",0.7711,0.834,4.48333333333333,0.186022304832714,1.344,0.978,0.868,0.524,0.271,655.296241873699,3.43375230741818,3.43200824526274,0,0,0.063,0.477,"2015-11-29 04:35:00",0,0,0,0,0,0,0.00189247302419162,0.01114
"SW3-44",40,11,6.4,0.1,1.66,0.357,0.488,8.06,1.56,10.3129456,2.83606004,1.650071296,0.025782364,0.4279872424,0.09204303948,0.12581793632,2.0780585384,0.4022048784,4129.92,"NA, NA","NA, NA","NA, NA","NA, NA","NA, NA","NA, NA","NA, NA","TRUE, TRUE","NA, NA","SW3","WY16","2016-02-27 16:14:59","2016-02-29 00:02:00","2016-02-27 16:16:00","2016-02-29 01:14:59",0.1196,NA,NA,NA,NA,NA,NA,NA,NA,NA,NA,NA,NA,NA,NA,NA,NA,NA,NA,NA,NA,NA,NA,NA,NA
"SW3-45",112.191347753744,8.52462562396007,5.21580698835275,0.0638602329450915,1.89271214642263,0.169640599001664,0.436698835274542,7.10851913477537,1.82885191347754,36.36877526,2.763405554,1.690794486,0.0207014044,0.6135555376,0.05499194852,0.14156351728,2.3043500236,0.5928541332,5192.64,"NA, NA","NA, NA","NA, NA","NA, NA","NA, NA","NA, NA","NA, NA","TRUE, FALSE","Komiskey, Matthew J.:Frozen Ground from Jan 18 to Mar 7 according to ESW1 and Met station (flat lined data), NA","SW3","WY16","2016-03-07 00:00:00","2016-03-08 02:53:59","2016-03-07 00:00:00","2016-03-08 02:53:59",0.1737,NA,NA,NA,NA,NA,NA,NA,NA,NA,NA,NA,NA,NA,NA,NA,NA,NA,NA,NA,NA,NA,NA,NA,NA
"SW3-46",174,26.3,10.9,0.08,2.45,0.097,0.481,13.35,2.37,10.41758532,1.574612034,0.652595862,0.0047896944,0.146684391,0.00580750446,0.02879803758,0.799280253,0.1418946966,959.04,NA,NA,NA,NA,NA,NA,NA,"FALSE",NA,"SW3","WY16","2016-03-09 02:41:00","2016-03-09 14:30:00","2016-03-09 02:32:59","2016-03-09 14:30:00",0.0711,0.18,2.88333333333333,0.0624277456647399,0.324,0.27,0.252,0.198,0.108,90.0626300585893,0.178324007516007,0.202449582530187,0,0,0,0,"2016-02-24 02:32:00",0.0179627262079306,0.02827,0.0433387142722741,0.17372,0.0350769416818436,0.17372,0.0292509980084904,0.17372
"SW3-47",3320,13.6,6.3,0.06,17,0.522,7.9,23.3,16.94,3348.686792,13.71751216,6.35443578,0.060518436,17.1468902,0.5265103932,7.96826074,23.50132598,17.086371764,16156.8,NA,NA,NA,NA,NA,NA,NA,"FALSE",NA,"SW3","WY16","2016-03-16 00:04:59","2016-03-17 01:00:00","2016-03-16 00:04:59","2016-03-17 01:00:00",1.87,0.743,1.76666666666667,0.420566037735849,3.288,2.082,1.532,0.91,0.644,647.034095550735,5.88801026951169,5.93452627410429,0.171,0.261,0.63,0.63,"2016-03-01 22:28:00",0,0,0,0,0.0129584538657191,0.07110001,0.0285610275370443,0.17372
"SW3-48",155,18.8,9.4,0.07,1.76,0.118,0.437,11.16,1.69,42.7215929,5.181715784,2.590857892,0.0192936226,0.4850967968,0.03252353524,0.12044732966,3.0759546888,0.4658031742,4415.04,"NA, NA","NA, NA","NA, NA","NA, NA","NA, NA","NA, NA","NA, NA","FALSE, FALSE","Komiskey, Matthew J.:for some reason, most of these samples were missed, NA","SW3","WY16","2016-03-27 05:30:00","2016-03-28 19:45:00","2016-03-27 05:30:00","2016-03-28 19:45:00",0.2077,0.189,5.1,0.0370588235294118,0.216,0.162,0.144,0.108,0.108,76.9319496789955,0.0830865056533152,0.100877816332876,0,0,0,1.472,"2016-03-13 10:56:00",0.00514020880902778,0.008900001,0.00384514321298701,0.008900001,0.00169186301371429,0.008900001,0.0981578413107922,1.87
"SW3-49",972.53591160221,16.3292817679558,7.63513812154696,0.085878453038674,6.09826519337017,0.491579005524862,2.7,13.7334033149171,6.01238674033149,474.7326101,7.97095764,3.727007924,0.0419206136,2.9768004634,0.23995883502,1.31797503,6.7038083874,2.9348798498,7819.2,"NA, NA","NA, NA","NA, NA","NA, NA","NA, NA","NA, NA","NA, NA","FALSE, FALSE","Komiskey, Matthew J.:This start time is prior to the storm start, need to change, NA","SW3","WY16","2016-03-31 00:54:00","2016-04-01 06:15:00","2016-03-31 00:54:00","2016-04-01 06:15:00",0.4864,0.648,7.55,0.0858278145695364,0.432,0.432,0.36,0.342,0.297,385.23080610148,1.31748935686706,1.46750274705937,0.027,0.027,0.216,0.216,"2016-03-16 22:28:00",0,0,0,0,0.0279479381690054,0.2077,0.0222004444613288,0.2077
"SW3-5",371,3.8,0.4,1.71,6.2,0.564,1.55,6.6,4.49,71.83948282,0.735822196,0.077454968,0.3311199882,1.200552004,0.10921150488,0.300138001,1.278006972,0.8694320158,3101.76,"HT",NA,NA,NA,NA,NA,NA,"TRUE",NA,"SW3","WY14","2014-03-28 10:27:00","2014-03-28 23:35:00","2014-03-28 10:27:00","2014-03-28 23:35:00",0.1541,0.00900000000000001,0.0166666666666667,0.540000000000001,0.108,0.0540000000000001,0.036,0.018,0.00900000000000001,0,0,0,0.513,0.513,0.513,0.522,"2014-03-14 04:20:00",0.143185209939403,0.925,0.0828281908214057,0.925,0.0373444296878668,0.925,0.0361341633329683,0.925
"SW3-50",1330,29.2,10.1,1.54,15.2,0.374,3.5,25.3,13.66,39.455647,0.86624428,0.29962559,0.045685486,0.45092168,0.0110950466,0.10383065,0.75054727,0.405236194,475.2,NA,NA,NA,NA,NA,NA,NA,"FALSE",NA,"SW3","WY16","2016-06-01 04:30:59","2016-06-01 08:44:59","2016-06-01 04:30:59","2016-06-01 08:44:59",0.1081,0.55,2.08333333333333,0.264,1.2,0.978,0.76,0.65,0.469,431.333923288554,2.8036705013756,2.81976208154689,0.027,0.027,0.973,0.982,"2016-05-18 03:54:00",0,0,0,0,0.00244878022082019,0.01706,0.00194275244195038,0.01706
"SW3-51",3750,35.2,26.6,1.21,25.2,0.422,8,51.8,23.99,451.056525,4.233917248,3.199494284,0.1455409054,3.031099848,0.05075889428,0.96225392,6.230594132,2.8855589426,1926.72,NA,NA,NA,NA,NA,NA,NA,"FALSE",NA,"SW3","WY16","2016-06-10 20:32:00","2016-06-11 00:29:59","2016-06-10 20:32:00","2016-06-11 00:29:59",0.8376,0.732,2.13333333333333,0.343125,4.056,2.988,2.136,1.14,0.651,621.992727511908,7.09071709363576,7.14165826618014,0.128,0.128,0.392,1.212,"2016-05-27 20:26:00",0,0,0,0,0,0,0.00539516493230944,0.1081
"SW3-52",1970,11.7,7,0.35,13.6,0.307,5.3,20.6,13.25,63.754716,0.37864476,0.2265396,0.01132698,0.44013408,0.0099353796,0.17152284,0.66667368,0.4288071,518.4,NA,NA,NA,NA,NA,NA,NA,"FALSE",NA,"SW3","WY16","2016-06-15 03:08:00","2016-06-15 06:45:00","2016-06-15 03:08:00","2016-06-15 06:45:00",0.1541,0.432,2.46666666666667,0.175135135135135,0.54,0.378,0.396,0.306,0.261,272.654072970803,0.834321463290658,0.918923333569368,0,0.351,1.211,2.025,"2016-06-01 01:25:00",0,0,0.00159441072727273,0.009219999,0.033086443254065,0.8375999,0.0213269162016985,0.8375999
"SW3-53",6730,5.7,4.9,0.31,27.9,0.562,10,32.8,27.59,9997.0954596,8.467079364,7.278717348,0.4604902812,41.444125308,0.83482431624,14.8545252,48.722842656,40.9836350268,23794.56,NA,NA,NA,NA,NA,NA,NA,"FALSE",NA,"SW3","WY16","2016-06-15 18:42:00","2016-06-15 21:15:00","2016-06-15 18:42:00","2016-06-15 21:15:00",12.32,1.054,0.8,1.3175,3.168,2.586,2.092,1.982,1.054,1100.50107414558,21.8119312895653,20.9296615949567,0.441,0.441,1.652,1.916,"2016-06-01 18:26:00",0.0301745744840426,0.15415,0.0225111904880952,0.15415,0.0350993933047009,0.8375999,0.0220076581814041,0.8375999
"SW3-54",4400,6.8,16,6.84,33,0.46,7.5,49,26.16,999.147512,1.544137064,3.63326368,1.5532202232,7.49360634,0.1044563308,1.70309235,11.12687002,5.9403861168,3637.44,NA,NA,NA,NA,NA,NA,NA,"FALSE",NA,"SW3","WY16","2016-06-26 03:51:59","2016-06-26 08:15:00","2016-06-26 03:51:59","2016-06-26 08:15:00",1.262,1.306,3.7,0.352972972972973,3.384,2.718,2.216,1.602,1.054,1206.96526572689,19.3355835569447,18.8729747621109,0,0,0.189,2.044,"2016-06-12 03:29:00",0,0,0,0,0,0,0.226535682232179,12.32
"SW3-55",2510,4.5,11.6,2.45,19.9,0.272,4.8,31.5,17.45,288.3687294,0.51699573,1.332700104,0.281475453,2.286270006,0.03124951968,0.551462112,3.61897011,2.004794553,1840.32,NA,NA,NA,NA,NA,NA,NA,"FALSE",NA,"SW3","WY16","2016-06-30 16:23:59","2016-06-30 20:08:00","2016-06-30 16:23:59","2016-06-30 20:08:00",0.447,1.156,6.63333333333333,0.17427135678392,1.8,1.446,1.292,1.158,0.751,971.939596410238,11.2550605264306,11.0490880495881,0,0,1.306,1.495,"2016-06-16 15:51:00",0,0,0,0,0.0656685046619718,1.262,0.0375539218110285,1.262
"SW3-56",1610,1.7,5.6,0.3,10,0.156,3.2,15.6,9.7,39.078081,0.04126257,0.13592376,0.00728163,0.242721,0.0037864476,0.07767072,0.37864476,0.23543937,388.8,NA,NA,NA,NA,NA,NA,NA,"FALSE",NA,"SW3","WY16","2016-07-17 07:48:59","2016-07-17 10:14:59","2016-07-17 07:48:59","2016-07-17 10:14:59",0.2207,0.517,2.11666666666667,0.244251968503937,1.452,1.212,1.024,0.71,0.454,411.819267807572,2.92391680143376,2.92672074641287,0,0,0.808,1.069,"2016-07-03 07:14:00",0,0,0,0,0,0,0,0
"SW3-57",1590,0.6,1.1,0.04,8.21,0.22,2.9,9.31,8.17,222.1220778,0.083819652,0.153669362,0.0055879768,1.1469322382,0.0307338724,0.405128318,1.3006016002,1.1413442614,2237.76,NA,NA,NA,NA,NA,NA,NA,"FALSE",NA,"SW3","WY16","2016-07-29 02:10:59","2016-07-29 04:02:59","2016-07-29 02:10:59","2016-07-29 04:02:59",1.0689,1.109,3,0.369666666666667,2.64,2.34,2.32,1.768,1.073,1100.77303236512,19.4616672122153,18.5814402945838,0.009,0.027,0.593,1.642,"2016-07-15 01:45:00",0,0,0,0,0.00588234350625711,0.17614,0.00669006903972366,0.2207
"SW3-58",1500,0.5,2.2,0.22,8.66,0.173,2.8,10.86,8.44,28.31745,0.00943915,0.04153226,0.004153226,0.163486078,0.0032659459,0.05285924,0.205018338,0.159332852,302.4,NA,NA,NA,NA,NA,NA,NA,"FALSE",NA,"SW3","WY16","2016-08-21 11:28:59","2016-08-21 13:00:00","2016-08-21 11:28:59","2016-08-21 13:00:00",0.271,0.418,2.63333333333333,0.15873417721519,2.412,1.692,1.164,0.6,0.3,388.452465383228,2.33071479229937,2.24329783468097,0.117,0.855,1.363,1.687,"2016-08-07 11:27:00",0.0121184235073892,0.10628,0.00759009919851117,0.10628,0.0033242427244898,0.10628,0.00189869323711656,0.10628
"SW3-59",67400,0.5,1.3,0.12,16.3,0.217,6.7,17.6,16.18,1890.419024,0.01402388,0.036462088,0.0033657312,0.457178488,0.00608636392,0.187919992,0.493640576,0.4538127568,449.28,NA,NA,NA,NA,NA,NA,NA,"FALSE",NA,"SW3","WY16","2016-08-24 02:23:00","2016-08-24 03:45:00","2016-08-24 02:23:00","2016-08-24 03:45:00",0.4104,0.441,1.15,0.383478260869565,2.676,1.89,1.476,0.774,0.432,422.412416932545,3.2694721070579,3.15352877161412,0,0,1.606,2.105,"2016-08-10 02:10:00",0,0,0,0,0.00974530066973684,0.271,0.00584169009160563,0.271
"SW3-6",1744,13.9,1,0.89,22,0.162,6.4,23,21.11,164.618776,1.31204185,0.0943915,0.084008435,2.076613,0.015291423,0.6041056,2.1710045,1.992604565,1512,"HT",NA,NA,NA,"HT",NA,"HT","FALSE","Komiskey, Matthew J.:second half of event is estimated","SW3","WY14","2014-04-12 13:32:00","2014-04-12 20:30:00","2014-04-12 13:32:00","2014-04-12 20:44:59",0.1834,0.882,6.61666666666667,0.133299748110831,0.648,0.432,0.396,0.324,0.315,537.957366347274,1.74298186696517,1.93738232595829,0.009,0.009,0.009,0.198,"2014-03-29 10:11:00",0,0,0,0,0,0,0.0246780519631858,0.09639
"SW3-60",349,0.5,1.6,0.12,3.11,0.195,1.5,4.71,2.99,3.20014154,0.00458473,0.014671136,0.0011003352,0.0285170206,0.0017880447,0.01375419,0.0431881566,0.0274166854,146.88,NA,NA,NA,NA,NA,NA,NA,"FALSE",NA,"SW3","WY16","2016-08-27 09:02:00","2016-08-27 10:30:00","2016-08-27 09:02:00","2016-08-27 10:30:00",0.1036,0.504,4.8,0.105,0.540000000000001,0.378,0.36,0.252,0.198,267.76615413679,0.674770708424711,0.795465478235635,0,0,1.633,2.51,"2016-08-13 05:02:00",0,0,0,0,0.0161830363776364,0.4104,0.00962103560674218,0.4104
"SW3-61",2190,1,0.6,0.12,9.18,0.304,4,9.78,9.06,226.7985024,0.10356096,0.062136576,0.0124273152,0.9506896128,0.03148253184,0.41424384,1.0128261888,0.9382622976,1658.88,NA,NA,NA,NA,NA,NA,NA,"FALSE",NA,"SW3","WY16","2016-09-06 16:16:59","2016-09-06 17:44:59","2016-09-06 16:16:59","2016-09-06 17:17:59",1.172,0.739,0.216666666666667,3.41076923076923,5.76,4.218,2.956,1.478,0.739,772.482738083463,11.4172948688736,11.1244035515849,0.209,0.209,0.29,1.271,"2016-08-23 16:16:00",0,0,0,0,0,0,0.00636360009116129,0.4104
"SW3-62",796,1.6,0.9,0.06,4.84,0.57,2.3,5.74,4.78,117.64093552,0.236464192,0.133011108,0.0088674072,0.7153041808,0.0842403684,0.339917276,0.8483152888,0.7064367736,2367.36,NA,NA,NA,NA,NA,NA,NA,"FALSE",NA,"SW3","WY16","2016-09-06 19:11:00","2016-09-06 21:29:59","2016-09-06 19:11:00","2016-09-06 21:29:59",1.242,NA,NA,NA,NA,NA,NA,NA,NA,NA,NA,NA,NA,NA,NA,NA,NA,NA,NA,NA,NA,NA,NA,NA,NA
"SW3-63",244,2.3,2.3,0.06,3.15,0.267,1,5.45,3.09,3.55343544,0.033495498,0.033495498,0.0008737956,0.045874269,0.00388839042,0.01456326,0.079369767,0.0450004734,233.28,NA,NA,NA,NA,NA,NA,NA,"FALSE",NA,"SW3","WY16","2016-09-06 22:32:00","2016-09-07 01:45:00","2016-09-06 22:32:00","2016-09-07 01:45:00",0.0703,0.616,4.83333333333333,0.127448275862069,1.32,1.206,1.204,0.745999999999999,0.373,465.28226593913,3.47100570390591,3.47017669666779,0.948,0.948,1.029,2.01,"2016-08-23 19:05:00",0.158020221642045,1.172,0.102248378709559,1.172,0.0365941565907895,1.172,0.0232132711955022,1.172
"SW3-64",12300,14.5,0.05,0.06,72.7,0.487,34,72.75,72.64,915.543612,1.07929938,0.003721722,0.0044660664,5.411383788,0.03624957228,2.53077096,5.41510551,5.4069177216,1192.32,NA,NA,NA,NA,NA,NA,NA,"FALSE",NA,"SW3","WY16","2016-09-16 14:44:59","2016-09-16 18:29:59","2016-09-16 14:44:59","2016-09-16 18:29:59",0.5486,0.282,0.666666666666667,0.423,2.412,1.422,1.02,0.51,0.282,275.299214326748,1.40402599306642,1.3534691070264,0.054,0.054,0.054,1.834,"2016-09-02 14:04:00",0,0,0,0,0.0113961740484012,0.9174856,0.0443242163651574,1.242
"SW3-65",3550,14,1.6,0.12,24.5,0.507,8.9,26.1,24.38,5554.831899,21.90637932,2.503586208,0.1877689656,38.33616381,0.79332387966,13.926198282,40.839750018,38.1483948444,25064.64,NA,NA,NA,NA,NA,NA,NA,"FALSE",NA,"SW3","WY16","2016-09-21 22:32:00","2016-09-22 15:15:00","2016-09-21 22:32:00","2016-09-22 15:15:00",2.585,0.936,8.3,0.112771084337349,0.648000000000001,0.432,0.36,0.342,0.297,578.893698870333,1.97981645013654,2.18424628926029,0.18,0.189,0.653,0.68,"2016-09-07 20:33:00",0.00210752675322581,0.008899999,0.00138515892614841,0.008899999,0.0208903042514136,0.5486,0.0180459794190909,0.9174856
"SW3-7",2046,8.8,1.6,0.53,14.9,0.207,4.6,16.5,14.37,391.7678754,1.68502312,0.30636784,0.101484347,2.85305051,0.0396363393,0.88080754,3.15941835,2.751566163,3067.2,"HT",NA,NA,NA,"HT",NA,"HT","FALSE","Komiskey, Matthew J.:poor sample coverage","SW3","WY14","2014-04-13 02:19:59","2014-04-13 10:14:59","2014-04-13 02:15:00","2014-04-13 10:14:59",0.3936,0.441,3.2,0.1378125,0.324000000000002,0.270000000000001,0.252000000000001,0.216,0.198,232.4981821033,0.502196073343129,0.603562813442279,0.891,0.9,0.9,1.089,"2014-03-30 01:47:00",0.0566269977426637,0.1834,0.0468892710280374,0.1834,0.0247150344827586,0.1834,0.0243801783079826,0.1834
"SW3-8",2042.72240335352,7.05905915230554,1.23740102468561,0.225039590125757,13.8520353982301,0.319462505822077,4.43521844434094,15.0894364229157,13.6269958081043,2365.5723505,8.174735404,1.432970846,0.2606068408,16.0413338016,0.36995319068,5.13619966332,17.4743046476,15.7807269608,18550.08,"HT, HT","NA, NA","NA, NA","NA, NA","HT, HT","NA, NA","HT, HT","FALSE, FALSE","NA, NA","SW3","WY14","2014-04-13 18:45:59","2014-04-14 23:17:00","2014-04-13 18:45:59","2014-04-14 23:15:00",1.348,0.792,9.78333333333333,0.080954003407155,0.324000000000002,0.270000000000001,0.252,0.198,0.162,387.309667229014,0.766873141113449,0.932486783271053,0.45,1.332,1.341,1.53,"2014-03-30 17:52:00",0.106774486373166,0.3936,0.0878926869158878,0.3936,0.0564835885885886,0.3936,0.0363527593433461,0.3936
"SW3-9",172,25.9,0.05,0.13,3.31,0.045,0.627,3.36,3.18,1.02050696,0.153669362,0.000296659,0.0007713134,0.0196388258,0.0002669931,0.00372010386,0.0199354848,0.0188675124,95.04,"HT",NA,NA,NA,"HT",NA,"HT","FALSE",NA,"SW3","WY14","2014-04-29 17:10:59","2014-04-30 10:45:00","2014-04-29 17:01:59","2014-04-30 10:45:00",0.0272,0.153,3.6,0.0425,0.324,0.216,0.18,0.108,0.0720000000000001,65.4285310300544,0.0706628135124588,0.0822020756487552,0.396,0.396,0.837,0.981,"2014-04-15 15:57:00",0,0,0,0,0,0,0,0
