"unique_storm_number","sub_storms","Suspended_Sediment_mg_L","Chloride_mg_L","NO2_NO3_N_mg_L","Ammonium_N_mg_L","TKN_Unfiltered_mg_L","Dissolved_Reactive_Phosphorus_mg_L","TP_Unfiltered_mg_L","Total_Nitrogen_computed_mg_L","Organic_Nitrogen_computed_mg_L","Suspended_Sediment_Load_pounds","Chloride_Load_pounds","NO2_NO3_N_Load_pounds","Ammonium_N_Load_pounds","TKN_Unfiltered_Load_pounds","Dissolved_Reactive_Phosphorus_Load_pounds","TP_Unfiltered_Load_pounds","Total_Nitrogen_load_pounds","Organic_Nitrogen_Load_pounds","sum_runoff","Flag_Suspended_Sediment","Flag_Chloride","Flag_NO2_NO3_N_","Flag_Ammonium_N_","Flag_TKN_Unfiltered","Flag_Dissolved_Reactive_Phosphorus_","Flag_TP_Unfiltered","frozen","comments","site","water_year","sample_start","sample_end","storm_start","storm_end","peak_discharge","rain_startdate","rain_enddate","rain","duration","Ievent","I5","I10","I15","I30","I60","energy_m1","erosivity_m1","energy_m2","erosivity_m2","ARFdays1","ARFdays2","ARFdays7","ARFdays14","ant_dis_1day_max","ant_dis_2day_mean","ant_dis_2day_max","ant_dis_3day_mean","ant_dis_3day_max","ant_dis_7day_mean","ant_dis_7day_max","ant_dis_14day_mean","ant_dis_14day_max","sin_sdate","cos_sdate","tmax","tmin","prcp","snow","snwd","snwd_diff","period","period_crop","days_since_planting","days_since_fertilizer"
1,"East SW1-1",275,13.4,2.7,0.57,3.21,0.298,0.731,5.91,2.64,26.8476395,1.308212252,0.263595006,0.0556478346,0.3133851738,0.02909307844,0.07136590718,0.5769801798,0.2577373392,1563.84,NA,NA,NA,NA,NA,NA,NA,"TRUE",NA,"SW1","WY12","2012-01-31 12:00:00","2012-01-31 20:15:00","2012-01-31 12:00:00","2012-01-31 21:00:00",0.0903,NA,NA,NA,NA,NA,0,0,0,0,0,0,0,0,0,0,0,0,0,15.4,11.2,15.4,10.1333333333333,15.4,16.0571428571429,30,10.9285714285714,30,0.493775550159977,0.869589389346611,8.3,-6.7,0,0,2.9921276,0,"before","before",0,122
3,"East SW1-2a,East SW1-2b",458.597402597403,5.22792207792208,2.50584415584416,0.417857142857143,2.32045454545455,0.113344155844156,0.490831168831169,4.8262987012987,1.9025974025974,76.18634624,0.868509676,0.416293484,0.069418206,0.385494886,0.0188297558,0.08154131088,0.80178837,0.31607668,2661.12,"HT, HT","NA, NA","NA, NA","NA, NA","NA, NA","NA, NA","NA, NA","TRUE, TRUE","NA, NA","SW1","WY12","2012-02-29 04:45:00","2012-02-29 17:15:00","2012-02-29 04:30:00","2012-02-29 17:30:00",0.0804,NA,NA,NA,NA,NA,0,0,0,0,0,0,0,0,0,0,0,0,0,30,18.2,30,14.2,30,9.75857142857143,30,9.22142857142857,30,0.849817091527528,0.527077708642372,3.9,0,0.5118113,0.393701,2.0078751,2.0078751,"before","before",0,151
4,"East SW1-3",2371,17.4,6,0.23,6.6,0.182,2.44,12.6,6.37,794.17825758,5.828216652,2.00972988,0.0770396454,2.210702868,0.06096180636,0.8172901512,4.220432748,2.1336632226,5365.44,NA,NA,NA,NA,NA,NA,NA,"TRUE",NA,"SW1","WY12","2012-03-06 21:15:00","2012-03-07 13:50:00","2012-03-06 21:00:00","2012-03-07 13:54:59",0.1947,"2012-03-06 21:00:00","2012-03-07 20:10:00",0.027,23.1666666666667,0.00116546762589928,0.648,0.324,0.216,0.108,0.054,28.9379865830236,0.0312530255096655,26.6044356849675,0.0287327905397649,0,0,0,0,149,78.655,149,55.8366666666667,149,53.7728571428571,149,31.7657142857143,149,0.907013812802636,0.42110087079609,14.4,-2.8,0.14960638,0,2.50000135,-5.0000027,"before","before",0,157
5,"East SW1-4",3978,27.8,10,0.48,15,0.219,5.61,25,14.52,276.78931956,1.934324556,0.6958002,0.0333984096,1.0437003,0.01523802438,0.3903439122,1.7395005,1.0103018904,1114.56,NA,NA,NA,NA,NA,NA,NA,"TRUE","Komiskey, Matthew J.:suspect frost came out after this storm! No soil temp probe in at this point","SW1","WY12","2012-03-07 21:04:59","2012-03-08 05:30:00","2012-03-07 21:00:00","2012-03-08 05:44:59",0.2234,"2012-03-07 20:10:00","2012-03-08 01:55:00",0.297,5.75,0.0516521739130435,0.756,0.486,0.432,0.342,0.207,198.871553964552,0.680140714558769,205.756347769595,0.703686709372015,0,0,0,0,327,238,327,161.436666666667,327,85.3442857142857,327,54.6292857142857,327,0.914127988185334,0.405425728359997,14.4,-1.1,0.18110246,0.787402,0,-5.0000027,"before","before",0,158
9,"East SW1-6",2483,30.5,17.5,0.1,9,0.13,2.46,26.5,8.9,984.3711969,12.09155115,6.93777525,0.03964443,3.5679987,0.051537759,0.975252978,10.50577395,3.52835427,6350.4,"HT",NA,NA,NA,NA,NA,NA,"FALSE",NA,"SW1","WY12","2012-04-19 20:39:59","2012-04-20 22:00:00","2012-04-19 20:35:00","2012-04-20 02:55:00",0.6134,"2012-04-19 16:40:00","2012-04-20 02:40:00",1.44,10,0.144,0.432,0.378,0.36,0.324,0.297,845.863401433394,2.7405974206442,974.154612779722,3.1562609454063,0,0,0,0,132,70.825,132,50.6166666666667,132,28.5985714285714,132,18.2807142857143,132,0.948361580012172,-0.317191288589106,10.6,1.7,1.03149662,0,0,0,"before","before",0,201
22,"ESW1-11",839,347,118,9.6,34.7,1.23,3.63,152.7,25.1,71.04875174,29.38488302,9.99255388,0.812953536,2.938488302,0.1041596718,0.3073980558,12.931042182,2.125534766,1356.48,"HT",NA,NA,NA,NA,NA,NA,"FALSE",NA,"SW1","WY12","2012-06-18 17:46:59","2012-06-19 06:15:00","2012-06-18 17:46:00","2012-06-19 06:29:59",0.1564,"2012-06-18 17:28:00","2012-06-18 19:07:00",0.492,1.65,0.298181818181818,1.56,1.218,0.884,0.586,0.393,427.00156138385,2.50222914970936,416.932879320875,2.44322667282033,0,0,0,0,3.28,1.985,3.28,1.53666666666667,3.28,1.10285714285714,3.28,1.58857142857143,3.28,0.230305670230613,-0.973118337233262,32.8,18.9,1.1417329,0,0,0,"before","before",42,42
27,"ESW1-12",2881,17.2,6.1,0.44,9.8,0.337,3.07,15.9,9.36,130.53211752,0.779296224,0.276378312,0.0199354848,0.444017616,0.01526876904,0.1390953144,0.720395928,0.4240821312,725.76,NA,NA,NA,NA,NA,"Q",NA,"FALSE",NA,"SW1","WY12","2012-07-17 15:42:59","2012-07-17 17:12:00","2012-07-17 15:38:59","2012-07-17 17:15:00",0.7549,"2012-07-17 15:33:00","2012-07-17 16:39:00",1.532,1.1,1.39272727272727,4.584,3.612,3.336,2.758,1.523,1612.65257367717,44.4769579820163,1567.65086050724,43.2358107327896,0,0,0,0,0,0,0,0.00333333333333333,0.01,0.0385714285714286,0.09,0.248571428571429,1.04,-0.263665492728007,-0.964614175691244,32.8,20.6,1.38976453,0,0,0,"before","before",71,71
30,"ESW1-13",2988,36.7,6.3,0.4,10.8,0.592,3.09,17.1,10.4,332.00349264,4.077820676,0.700007364,0.044444912,1.200012624,0.06577846976,0.3433369452,1.900019988,1.155567712,1779.84,NA,NA,NA,NA,NA,NA,NA,"FALSE",NA,"SW1","WY12","2012-07-25 19:27:00","2012-07-25 23:44:59","2012-07-25 19:27:00","2012-07-25 23:44:59",1.21,"2012-07-25 19:25:00","2012-07-25 20:31:00",1.486,1.1,1.35090909090909,5.016,4.554,3.98,2.492,1.468,1565.1032069732,39.0023719177722,1517.33017568802,37.8118679781454,0,0,0,1.532,0.89,0.615,0.89,0.566666666666667,0.89,1.17285714285714,2.94,1.64642857142857,7.9,-0.409355958815621,-0.912374757970727,32.8,18.9,0.57086645,0,0,0,"before","before",79,79
32,"ESW1-14",1395,55.1,3.2,0.24,8.49,0.974,2.79,11.69,8.25,90.292212,3.56638056,0.20712192,0.015534144,0.549520344,0.0630427344,0.180584424,0.756642264,0.5339862,1036.8,NA,NA,NA,NA,NA,NA,NA,"FALSE",NA,"SW1","WY12","2012-07-26 13:56:00","2012-07-26 17:30:00","2012-07-26 13:52:59","2012-07-26 17:30:59",0.5332,"2012-07-26 13:52:00","2012-07-26 14:28:00",0.409,0.6,0.681666666666667,1.44,1.32,1.168,0.8,0.409,393.424207555912,3.1473936604473,369.616048534576,2.95692838827661,1.486,1.486,1.486,3.018,0.89,0.615,0.89,0.566666666666667,0.89,1.17285714285714,2.94,1.64642857142857,7.9,-0.409355958815621,-0.912374757970727,28.3,18.9,1.2204731,0,0,0,"before","before",80,80
37,"ESW1-15",903,20.4,0.8,0.08,4.79,0.55,1.64,5.59,4.71,56.49897624,1.276388832,0.050054464,0.0050054464,0.2997011032,0.034412444,0.1026116512,0.3497555672,0.2946956568,1002.24,NA,NA,NA,NA,NA,NA,NA,"FALSE",NA,"SW1","WY12","2012-08-04 16:48:59","2012-08-04 19:25:59","2012-08-04 16:47:59","2012-08-04 19:27:00",0.7495,"2012-08-04 16:41:00","2012-08-04 17:39:00",1.066,0.966666666666667,1.10275862068966,3.024,2.118,1.972,1.366,1.066,1104.17347117604,15.0830096162647,1046.19288384843,14.2909947933695,0,0,0,1.895,0.93,0.95,0.97,1.01333333333333,1.14,2.30428571428571,6.14,4.29,21.5,-0.545240438540651,-0.838279705217775,30.6,18.9,0.29133874,0,0,0,"before","before",89,89
38,"EST1-11",115,35.3,7.2,0.14,4.44,1.144,1.767,11.64,4.3,62.4008722,19.154354684,3.906837216,0.0759662792,2.4092162832,0.62075302432,0.95880296676,6.3160534992,2.333250004,8691.84,"HT",NA,NA,NA,NA,NA,NA,"FALSE",NA,"SW1","WY12","2012-08-09 07:41:59","2012-08-10 15:45:00","2012-08-09 07:39:59","2012-08-10 16:00:00",0.4199,"2012-08-09 00:40:00","2012-08-10 05:38:00",1.819,28.9666666666667,0.0627963176064442,0.768,0.6,0.472,0.38,0.28,982.125358271486,3.73207636143165,1147.65697608693,4.36109650913032,0,0,1.066,1.475,5.47,3.665,5.47,3.59,5.47,5.59571428571429,16.2,6.7,21.5,-0.615284599963327,-0.788305055830526,23.3,13.3,1.98819005,0,0,0,"before","before",94,94
39,"ESW1-17",199,26.3,3.5,0.05,3.01,1.06,1.34,6.51,2.96,135.99549754,17.973274298,2.39188061,0.034169723,2.0570173246,0.7243981276,0.9157485764,4.4488979346,2.0228476016,10946.88,"HT",NA,NA,NA,NA,NA,NA,"FALSE",NA,"SW1","WY13","2012-10-14 04:45:00","2012-10-15 18:29:59","2012-10-14 04:30:00","2012-10-15 18:45:00",0.4864,"2012-10-14 04:30:00","2012-10-15 00:47:00",2.457,20.2833333333333,0.12113393590797,0.864,0.81,0.72,0.648,0.477,1594.30374331414,10.3310882566756,1724.81051851791,11.1767721599961,0,0,0,0,21.1,10.915,21.1,7.28333333333333,21.1,3.12142857142857,21.1,1.56071428571429,21.1,-0.974100455172421,0.226115685508288,12.8,2.8,2.01968613,0,0,0,"before","before",160,160
40,"ESW1-18",314,35.9,3.8,0.08,4.05,1.11,1.54,7.85,3.97,141.75877284,16.207452054,1.715552028,0.0361168848,1.828417293,0.5011217766,0.6952500324,3.543969321,1.7923004082,7231.68,"HT",NA,NA,NA,NA,NA,NA,"FALSE",NA,"SW1","WY13","2012-10-17 21:27:59","2012-10-18 13:12:59","2012-10-17 21:15:00","2012-10-19 15:00:00",0.5574,"2012-10-17 18:46:00","2012-10-19 12:58:00",0.72,42.2,0.0170616113744076,0.54,0.432,0.396,0.342,0.315,420.76495202226,1.43901613591613,443.332487009669,1.51619710557307,0,0,2.457,2.457,50.6,40.4,50.6,56.3666666666667,88.3,44.85,123,22.425,123,-0.956234826591906,0.292600335633348,20.6,5.6,0.6299216,0,0,0,"before","before",0,163
42,"ESW1-19",705,91.6,5.4,1.34,10.1,0.892,2.85,15.5,8.76,68.447322,8.89329744,0.52427736,0.130098456,0.98059284,0.0866028528,0.27670194,1.5048702,0.850494384,1555.2,"HT",NA,NA,NA,NA,NA,NA,"FALSE",NA,"SW1","WY13","2012-11-11 17:41:00","2012-11-12 10:00:00","2012-11-11 17:30:00","2012-11-12 10:14:59",0.0757,"2012-11-11 14:35:00","2012-11-11 22:21:00",0.837,7.76666666666667,0.107768240343348,0.648,0.432,0.324,0.27,0.189,467.049773199418,1.26103438763843,540.720321979147,1.4599448693437,0,0,0,0,4.46,4.215,4.46,4.13333333333333,4.46,4.15714285714286,4.46,5.15928571428571,8.88,-0.758305808478563,0.651898995878712,17.8,-3.3,0.83858313,0,0,0,"before","before",0,22
45,"ESW1-20",152,97.2,39.6,0.59,2.9,0.541,0.866,42.5,2.31,159.38031744,101.919518784,41.522766912,0.6186472848,3.040808688,0.56726810352,0.90804838752,44.5635756,2.4221614032,16796.16,NA,NA,NA,NA,NA,NA,NA,"TRUE",NA,"SW1","WY13","2013-01-10 19:59:59","2013-01-13 14:30:00","2013-01-10 19:54:59","2013-01-13 14:44:59",0.2092,"2013-01-10 19:21:00","2013-01-11 07:21:00",0.261,12,0.02175,0.216,0.162,0.144,0.126,0.09,108.79042506265,0.137075935578939,124.978710680211,0.157473175457066,0,0,0,0,8,5.85,8,5.13333333333333,8,4.33,8,4.17,8,0.188226709843243,0.982125605868001,7.2,-11.7,0.46850419,0,3.24803325,-7.0078778,"before","before",0,82
46,"ESW1-21",135,11.8,5.6,0.78,3.43,0.739,1,9.03,2.65,122.4042003,10.699033804,5.077507568,0.7072242684,3.1099733854,0.67004965942,0.90669778,8.1874809534,2.402749117,14523.84,NA,NA,NA,NA,NA,NA,NA,"TRUE",NA,"SW1","WY13","2013-01-29 01:00:00","2013-01-30 06:45:00","2013-01-29 00:00:00","2013-01-30 08:15:00",0.599,"2013-01-29 00:00:00","2013-01-30 00:38:00",0.64,24.6333333333333,0.0259810554803789,0.756,0.594,0.504,0.396,0.324,395.309769652647,1.56542668782448,405.397683427883,1.60537482637442,0,0,0,0,27,16,27,11.6666666666667,27,6.42857142857143,27,6.94285714285714,27,0.478733840115788,0.877960084700888,7.2,-8.9,1.16141795,8.1889808,5.0000027,3.9763801,"before","before",0,101
48,"ESW1-22",147,4.5,1.1,0.55,1.29,0.173,0.277,2.39,0.74,420.94455774,12.88605789,3.149925262,1.574962631,3.6940032618,0.49539733666,0.79320845234,6.8439285238,2.1190406308,45869.76,"HT",NA,NA,NA,NA,NA,NA,"TRUE",NA,"SW1","WY13","2013-03-09 21:15:00","2013-03-13 00:35:00","2013-03-09 21:09:59","2013-03-13 00:40:00",0.8837,"2013-03-09 16:08:00","2013-03-11 22:18:00",1.161,53.1666666666667,0.0218369905956113,0.216,0.216,0.18,0.144,0.126,491.759988848595,0.708134383941976,584.666938163937,0.841920390956069,0,0,0,0,100,58.5,100,43.6666666666667,100,26.2857142857143,100,21.0714285714286,100,0.927541683579196,0.37371971479047,3.3,-6.7,1.21653609,0.5118113,4.6063017,-2.9921276,"before","before",0,140
50,"ESW1-23a,ESW1-23b",490.291767137444,13.3035825008612,2.32948673785739,0.988384429900103,3.88435756114364,0.417689631415777,0.923227695487427,6.21384429900103,2.89597313124354,1535.41744692,41.662034828,7.2951145,3.0952644928,12.1644106004,1.30805367428,2.8912170388,19.4595251004,9.0691461076,50163.84,"HT, HT","NA, NA","NA, NA","NA, NA","NA, NA","NA, NA","NA, NA","TRUE, TRUE","NA, NA","SW1","WY13","2013-03-27 10:00:00","2013-03-30 09:27:59","2013-03-27 10:00:00","2013-03-30 09:27:59",0.7873,"2013-03-27 10:00:00","2013-03-27 10:01:00",0,0.0166666666666667,0,0,0,0,0,0,0,0,0,0,0,0,0,0,70,56.5,70,53.3333333333333,70,51.8571428571429,70,71.1428571428571,160,0.995918996147179,0.0902516100310421,8.9,-3.3,0.14960638,0,2.50000135,-4.0157502,"before","before",0,158
51,"ESW1-23c",1999,29,4.7,1.42,10.2,0.632,2.78,14.9,8.78,3131.15268048,45.42442608,7.361889744,2.2242305184,15.976867104,0.98993921664,4.3544794656,23.338756848,13.7526365856,25090.56,"HT",NA,NA,NA,NA,NA,NA,"TRUE",NA,"SW1","WY13","2013-03-30 09:27:59","2013-04-01 00:26:00","2013-03-30 09:27:59","2013-04-01 00:26:00",0.4762,"2013-03-30 09:27:59","2013-03-30 23:35:00",0.081,14.1169444444444,0.00573778556108695,0.108,0.108,0.108,0.072,0.054,34.6067811366747,0.0249168824184058,37.0552774975682,0.0266797997982491,0,0,0,0,294,297,300,258,300,140.428571428571,300,100.714285714286,300,0.999250011239683,0.0387222808921754,7.2,-4.3,0.16141741,0,0.328084166666667,-2.0078751,"before","before",0,161
53,"ESW1-23d",219,79.8,1.6,1.08,5.3,0.874,1.68,6.9,4.22,48.31280598,17.604392316,0.352970272,0.2382549336,1.169214026,0.19281001108,0.3706187856,1.522184298,0.9309590924,3533.76,"HT",NA,NA,NA,NA,NA,NA,"TRUE",NA,"SW1","WY13","2013-04-06 09:11:59","2013-04-07 08:12:00","2013-04-06 09:11:59","2013-04-07 08:12:00",0.0788,"2013-04-06 09:11:59","2013-04-06 11:35:00",0.036,2.38361111111111,0.0151031348327701,0.108,0.054,0.072,0.036,0.036,17.3832406168961,0.00625796662208261,18.9333585187981,0.00681600906676733,0,0,0.081,0.081,162,173,184,178.333333333333,189,231.714285714286,318,186.071428571429,318,0.99665890175417,-0.0816763953304215,10,-1,0.1181103,1.4173236,0.5905515,0,"before","before",0,168
55,"ESW1-24a",358,84.3,5.2,0.91,5.9,0.691,1.53,11.1,4.99,73.57035324,17.323968654,1.068619656,0.1870084398,1.212472302,0.14200311198,0.3144207834,2.281091958,1.0254638622,3291.84,"HT",NA,NA,NA,NA,NA,NA,"TRUE",NA,"SW1","WY13","2013-04-08 09:11:59","2013-04-09 09:40:59","2013-04-08 09:11:59","2013-04-09 09:40:59",0.0845,"2013-04-08 09:11:59","2013-04-08 12:45:00",0.207,3.55027777777778,0.0583052969251232,0.216,0.162,0.144,0.108,0.09,89.1507629591815,0.096282823995916,109.48617975267,0.118245074132884,0,0.036,0.036,0.117,175,176.5,178,171.666666666667,178,194.428571428571,261,204.428571428571,318,0.993256849267414,-0.1159345995955,3.9,0,0.76771695,0.1181103,0,0,"before","before",0,170
56,"ESW1-24b,ESW1-24c",1177.54340962905,50.1778413575375,19.0255327545383,0.86473954222573,7.98825966850829,0.566976519337017,2.18439423835833,27.0137924230466,7.12352012628256,3218.9065702,137.165035194,52.007774732,2.36383285,21.83652961,1.54987444906,5.9712116838,73.844304342,19.47269676,43787.52,"HT, HT","NA, NA","NA, NA","NA, NA","NA, NA","NA, NA","NA, NA","TRUE, TRUE","NA, NA","SW1","WY13","2013-04-09 09:42:00","2013-04-11 08:42:00","2013-04-09 09:40:59","2013-04-11 08:42:00",1.404,"2013-04-09 09:40:59","2013-04-10 14:31:00",0.869,28.8336111111111,0.0301384379726592,2.652,1.38,0.92,0.46,0.306,614.879122613714,2.82844396402308,636.58245144822,2.92827927666181,0.189,0.207,0.243,0.324,200,187.5,200,184.333333333333,200,185.714285714286,212,215.642857142857,318,0.991114063993455,-0.133014706534195,2.8,-0.5,1.78740254,3.149608,1.70603766666667,1.968505,"before","before",0,171
57,"ESW1-24d",239,65.1,21.1,0.7,3.49,0.499,0.837,24.59,2.79,243.6433398,66.36477582,21.50993502,0.71359974,3.557804418,0.5086946718,0.8532614034,25.067739438,2.844204678,16329.6,"HT",NA,NA,NA,NA,NA,NA,"TRUE",NA,"SW1","WY13","2013-04-11 08:42:59","2013-04-13 23:17:59","2013-04-11 08:42:00","2013-04-13 23:17:59",0.1761,"2013-04-11 08:42:00","2013-04-12 15:37:00",0.198,30.9166666666667,0.00640431266846361,0.108,0.108,0.072,0.054,0.054,72.539307126835,0.0391712258484909,63.0709046089267,0.0340582884888204,0.311,0.869,1.112,1.193,605,680.5,756,520.333333333333,756,322.857142857143,756,295,756,0.985948149963831,-0.167051625502118,3.9,-0.5,0.53149635,3.3070884,2.362206,0,"before","before",0,173
59,"ESW1-24e",2981,55.9,17.1,0.56,12.9,0.511,3.55,30,12.34,1472.82887048,27.618629272,8.448632568,0.2766803648,6.373529832,0.25247083288,1.753955884,14.8221624,6.0968494672,7914.24,"HT",NA,NA,NA,NA,NA,NA,"TRUE",NA,"SW1","WY13","2013-04-15 01:47:00","2013-04-15 18:00:00","2013-04-15 01:47:00","2013-04-15 18:00:00",0.5709,"2013-04-15 01:47:00","2013-04-15 15:32:00",0.342,13.75,0.0248727272727273,0.648,0.648,0.468,0.324,0.207,221.674401599375,0.718225061181976,232.874025702786,0.754511843277028,0,0,1.274,1.31,208,182,208,215.333333333333,282,364.571428571429,756,279.5,756,0.972118196629062,-0.234491389570408,15.6,3.3,0.33070884,0,0,-1.968505,"before","before",0,177
61,"ESW1-25",235,83.7,12.2,0.44,3.29,0.502,0.928,15.49,2.85,104.1920346,37.110099132,5.409118392,0.1950829584,1.4586884844,0.22257192072,0.41144769408,6.8678068764,1.263605526,7102.08,"HT",NA,NA,NA,NA,NA,NA,"TRUE","Komiskey, Matthew J.:Difficult to define end of frozen groundâ€¦went by end of storm, despite soil temp probe being above freezing","SW1","WY13","2013-04-17 13:14:59","2013-04-19 21:29:59","2013-04-17 13:14:59","2013-04-19 21:45:00",0.1235,"2013-04-17 13:14:59","2013-04-19 09:42:00",0.342,44.4502777777778,0.007693990163791,0.216,0.162,0.144,0.144,0.117,144.080817394739,0.207476377048424,154.215118338039,0.222069770406776,0,0.018,0.779,1.652,121,166.5,212,180.333333333333,212,275.571428571429,605,269.5,756,0.963470548564149,-0.267814305162174,7.8,-2.1,0.35039389,0,0,0,"before","before",0,179
64,"ESW1-26",1094,54.2,19.3,0.32,4.84,0.567,1.65,24.14,4.52,1786.76744816,88.521751088,31.521582952,0.5226376448,7.9048943776,0.92604857688,2.694850356,39.4264773296,7.3822567328,26161.92,"HT",NA,NA,NA,"HT",NA,"HT","FALSE",NA,"SW1","WY13","2013-05-02 17:55:00","2013-05-06 07:59:59","2013-05-02 17:53:00","2013-05-06 08:15:00",0.659,"2013-05-02 14:55:00","2013-05-03 21:07:00",1.847,30.2,0.061158940397351,0.972,0.708,0.616,0.524,0.379,1203.60618884504,6.30689642954801,1279.61819668818,6.70519935064607,0,0,0,0.027,24.7,23.85,24.7,23.9666666666667,24.7,25.1428571428571,30.9,50.6785714285714,177,0.863142128049912,-0.504961054721519,22.8,1.7,1.46850473,0,0,0,"before","before",0,194
69,"ESW1-27",3185,79.4,37.6,0.27,10.6,0.49,3.15,48.2,10.33,1396.6732689,34.818165636,16.488199344,0.1183993038,4.648268964,0.2148728106,1.381325211,21.136468308,4.5298696602,7024.32,"HT",NA,NA,NA,NA,NA,NA,"FALSE",NA,"SW1","WY13","2013-07-08 06:20:00","2013-07-08 15:15:00","2013-07-08 06:18:59","2013-07-08 15:15:00",2.21,"2013-07-08 05:19:00","2013-07-08 10:09:00",1.798,4.83333333333333,0.372,2.316,1.818,1.464,1.008,0.9,1662.22390863089,16.7552169989994,1594.61523959384,16.0737216151059,0,0,0,0,65.1,33.555,65.1,23.1866666666667,65.1,11.8514285714286,65.1,11.8214285714286,65.1,-0.111659007121694,-0.993746580436178,28.3,19.4,1.2598432,0,0,0,"before","before",30,30
73,"ESW1-28",558,17.2,0.7,0.32,4.51,0.623,1.78,5.21,4.19,16.85454624,0.519530816,0.021143696,0.0096656896,0.1362258128,0.01881788944,0.0537653984,0.1573695088,0.1265601232,483.84,"HT",NA,NA,NA,NA,NA,NA,"FALSE",NA,"SW1","WY14","2013-10-31 23:12:59","2013-11-01 04:59:59","2013-10-31 23:06:59","2013-11-01 05:15:00",0.0616,"2013-10-31 13:19:00","2013-11-01 02:39:00",1.125,13.3333333333333,0.084375,0.432,0.378,0.324,0.252,0.18,580.709517036327,1.46338798293154,690.894089030741,1.74105310435747,0,0,0,0,23.7,13.66,23.7,9.31,23.7,4.34142857142857,23.7,2.55142857142857,23.7,-0.858763958275803,0.512371412128423,14.4,6.1,1.40944958,0,0,0,"before","before",0,16
75,"ESW1-29",304,17.3,1.7,0.05,2.94,0.454,1.09,4.64,2.89,24.92367104,1.418353648,0.139375792,0.004099288,0.2410381344,0.03722153504,0.0893644784,0.3804139264,0.2369388464,1313.28,"HT",NA,NA,NA,NA,NA,NA,"FALSE",NA,"SW1","WY14","2013-11-05 19:45:00","2013-11-06 16:14:59","2013-11-05 19:43:00","2013-11-06 16:30:00",0.0447,"2013-11-05 16:10:00","2013-11-06 10:22:00",0.855,18.2,0.046978021978022,0.216,0.162,0.18,0.144,0.117,373.453640281555,0.53777324200544,455.240845426703,0.655546817414453,0,0,1.125,1.125,44.2,24.285,44.2,18.33,44.2,16.6442857142857,44.2,8.62928571428571,44.2,-0.811539059007362,0.584298173628367,12.2,-0.5,1.38976453,0,0,0,"before","before",0,21
77,"ESW1-30",250,137,0.05,0.76,11.57,0.216,1.81,11.62,10.81,35.733925,19.5821909,0.007146785,0.108631132,1.653766049,0.0308741112,0.258713617,1.660912834,1.545134917,2289.6,"HT",NA,NA,NA,NA,NA,NA,"FALSE",NA,"SW1","WY14","2013-11-17 10:14:00","2013-11-18 21:15:00","2013-11-17 10:02:00","2013-11-18 21:29:59",0.1147,"2013-11-17 08:09:00","2013-11-17 18:34:00",0.81,10.4166666666667,0.07776,0.54,0.378,0.324,0.216,0.18,442.627676725166,0.956075781726359,514.791088532073,1.11194875122928,0,0,0,0.855,80.5,42.72,80.5,29.7166666666667,80.5,16.2,80.5,18.2778571428571,80.5,-0.687052767223668,0.726607524768564,14.4,-2.1,0.44881914,0,0,0,"before","before",0,33
81,"ESW1-31a",1,25.9,2.5,3.06,5.09,1.16,1.33,7.59,2.03,0.4018381,10.40760679,1.00459525,1.229624586,2.045355929,0.466132196,0.534444673,3.049951179,0.815731343,6436.8,"HT",NA,NA,NA,NA,NA,NA,"TRUE",NA,"SW1","WY14","2014-03-10 13:59:59","2014-03-14 02:14:00","2014-03-10 13:45:00","2014-03-14 02:14:00",0.0537,"2014-03-10 13:45:00","2014-03-10 13:46:00",0,0.0166666666666667,0,0,0,0,0,0,0,0,0,0,0,0,0,0,2.98,2.765,2.98,2.6,2.98,2.12714285714286,2.98,1.97642857142857,2.98,0.927541683579196,0.373719714790471,11.7,-15.5,0,0,11.5748094,-7.086618,"before","before",0,146
82,"ESW1-31b",32,48.9,1.2,6.2,15,2.85,3.7,16.2,8.8,26.82228864,40.987809828,1.005835824,5.196818424,12.5729478,2.388860082,3.101327124,13.578783624,7.376129376,13426.56,"HT",NA,NA,NA,NA,NA,NA,"TRUE",NA,"SW1","WY14","2014-03-14 02:14:00","2014-03-18 10:45:00","2014-03-14 02:14:00","2014-03-18 10:45:00",0.1186,"2014-03-14 02:14:00","2014-03-14 02:15:00",0,0.0166666666666667,0,0,0,0,0,0,0,0,0,0,0,0,0,0,4.28,4.17,4.28,4.02666666666667,4.28,3.32428571428571,4.28,2.48642857142857,4.28,0.951056516295153,0.309016994374948,6.7,-14.9,0.01181103,0,7.4015788,-3.93701,"before","before",0,150
83,"ESW1-31c",17,44.3,0.9,5.53,9.6,2.01,2.48,10.5,4.07,9.69211922,25.256522438,0.513112194,3.1527893698,5.473196736,1.1459505666,1.4139091568,5.98630893,2.3204073662,9132.48,"HT",NA,NA,NA,NA,NA,NA,"TRUE",NA,"SW1","WY14","2014-03-18 10:45:00","2014-03-22 10:16:00","2014-03-18 10:45:00","2014-03-22 10:16:00",0.1206,"2014-03-18 10:45:00","2014-03-18 10:46:00",0,0.0166666666666667,0,0,0,0,0,0,0,0,0,0,0,0,0,0,5.14,5.06,5.14,4.97,5.14,4.50714285714286,5.14,3.44642857142857,5.14,0.970063921851507,0.242849722095937,5,-8.8,0.21259854,0.9842525,4.5669316,-5.118113,"before","before",0,154
85,"ESW1-32a,ESW1-32b",271.058096415328,36.796992171405,1.70140090646889,4.09421920065925,9.12599917593737,1.53217964565307,2.27615986814998,10.8274000824063,5.03177997527812,354.83544804,48.170032094,2.227261834,5.3596410646,11.946619744,2.005738468,2.9796645712,14.173881578,6.5869786794,20969.28,"HT, HT","NA, NA","NA, NA","NA, NA","NA, NA","NA, NA","NA, NA","TRUE, TRUE","NA, NA","SW1","WY14","2014-03-27 11:15:00","2014-03-30 04:30:00","2014-03-27 11:15:00","2014-03-30 04:30:00",0.354,"2014-03-27 11:15:00","2014-03-27 23:53:00",0.477,12.6333333333333,0.0377572559366755,0.432,0.324,0.252,0.216,0.189,246.760249305047,0.5330021384989,286.334503144409,0.618482526791923,0,0,0,0,46.8,43.15,46.8,39.8333333333333,46.8,27.52,46.8,16.3221428571429,46.8,0.995918996147179,0.0902516100310432,11.1,-4.3,0.40944904,0,0,-3.149608,"before","before",0,163
87,"ESW1-33a",1821,75,9.7,1.54,11.9,0.559,3.19,21.6,10.36,351.63153084,14.482353,1.873050988,0.2973709816,2.297866676,0.10794180436,0.6159827476,4.170917664,2.0004956944,3093.12,"HT",NA,NA,NA,"HT",NA,"HT","FALSE",NA,"SW1","WY14","2014-04-12 12:49:59","2014-04-13 01:43:59","2014-04-12 12:45:59","2014-04-13 01:43:59",0.2605,"2014-04-12 10:07:00","2014-04-12 23:25:00",1.074,13.3,0.0807518796992481,1.116,0.612,0.504,0.432,0.378,699.673486176572,3.02258946028279,754.33521113396,3.25872811209871,0,0,0,0,65.7,51.8,65.7,49.8666666666667,65.7,60.8714285714286,78.4,97.1,218,0.982926551979983,-0.183998351657678,10,2.8,1.61023709,0,0,0,"before","before",0,179
88,"ESW1-33b",901,78.4,17.3,1.59,8.9,0.741,2.05,26.2,7.31,311.0280832,27.06393088,5.97201536,0.548873088,3.07230848,0.2557955712,0.70766656,9.04432384,2.523435392,5529.6,"HT",NA,NA,NA,"HT",NA,"HT","FALSE",NA,"SW1","WY14","2014-04-13 01:43:59","2014-04-13 18:24:59","2014-04-13 01:43:59","2014-04-13 18:24:59",0.3972,"2014-04-13 01:43:59","2014-04-13 18:13:00",0.495,16.4836111111111,0.0300298276065452,0.432,0.324,0.288,0.234,0.207,280.269504577873,0.655830640712224,328.220600853086,0.76803620599622,1.074,1.074,1.074,1.074,273,169.35,273,125.533333333333,273,88.6714285714286,273,103.742857142857,273,0.97961369164549,-0.200890555130635,10,2.8,1.01968559,0,0,0,"before","before",0,180
89,"ESW1-33c",1638,57.2,12.8,1.5,9.5,1.05,2.82,22.3,8,2183.13947124,76.236616456,17.059942144,1.99921197,12.66167581,1.399448379,3.7585185036,29.721617954,10.66246384,21349.44,"HT",NA,NA,NA,"HT",NA,"HT","FALSE",NA,"SW1","WY14","2014-04-13 18:24:59","2014-04-14 06:42:59","2014-04-13 18:24:59","2014-04-14 06:42:59",1.262,"2014-04-13 17:26:00","2014-04-14 03:42:00",1.143,10.2666666666667,0.111331168831169,0.324,0.27,0.252,0.234,0.216,613.176893003274,1.43483392962766,731.88395713932,1.71260845970601,0.486,1.533,1.533,1.533,273,169.35,273,125.533333333333,273,88.6714285714286,273,103.742857142857,273,0.97961369164549,-0.200890555130635,10,-4.9,1.57874101,3.5039389,0.9842525,1.968505,"before","before",0,180
90,"ESW1-33d",338,61,12.3,1.61,6.3,0.937,1.43,18.6,4.69,136.73283,24.676635,4.9757805,0.65130135,2.5485705,0.379049295,0.57848505,7.524351,1.89726915,6480,"HT",NA,NA,NA,"HT",NA,"HT","FALSE",NA,"SW1","WY14","2014-04-14 06:42:59","2014-04-14 22:00:00","2014-04-14 06:42:59","2014-04-14 22:00:00",0.1986,"2014-04-14 06:42:59","2014-04-14 14:16:00",0.036,7.55027777777778,0.00476803649608182,0.108,0.054,0.036,0.018,0.018,16.3494776865112,0.00294290598357201,13.9981295151072,0.00251966331271929,1.179,2.712,2.712,2.712,886,579.5,886,408.233333333333,886,204.6,886,151.457142857143,886,0.976010550632369,-0.217723230396531,3.3,-4.9,0.55905542,3.5039389,1.968505,1.968505,"before","before",0,181
93,"ESW1-34",1021,51.8,9.4,0.26,7,0.571,1.92,16.4,6.74,720.87543682,36.573308156,6.636855148,0.1835725892,4.94233894,0.40315364782,1.3556129664,11.579194088,4.7587663508,11309.76,"HT",NA,NA,NA,"HT",NA,"HT","FALSE",NA,"SW1","WY14","2014-05-12 05:24:59","2014-05-13 14:30:00","2014-05-12 05:24:59","2014-05-13 14:30:00",0.6996,"2014-05-12 04:31:00","2014-05-13 07:14:00",1.142,26.7166666666667,0.0427448533998752,1.464,1.056,0.884,0.77,0.602,880.403489927222,6.77910687243961,887.498541676899,6.83373877091212,0,0,0,0,194,108.1,194,82.2333333333333,194,53.9428571428571,194,56.2214285714286,194,0.763888612790544,-0.645348113229549,18.9,8.9,1.05118167,0,0,0,"before","before",0,209
95,"ESW1-35b,ESW1-35c,ESW1-35d",10944.1779269828,61.193159882501,11.6389844733529,0.543953000419639,35.8728913134704,0.557742341586236,11.2945824590852,47.5118757868233,35.3289383130508,14067.01745488,78.654171554,14.960081866,0.6991659312,46.108953238,0.716889958,14.5174073062,61.069035104,45.4097873068,20589.12,"HT, HT, HT","NA, NA, NA","NA, NA, NA","NA, NA, NA","NA, NA, NA","NA, NA, NA","NA, NA, NA","FALSE, FALSE, FALSE","NA, NA, NA","SW1","WY14","2014-06-01 20:46:59","2014-06-02 10:32:00","2014-06-01 20:46:59","2014-06-02 10:32:00",1.99,"2014-06-01 15:54:00","2014-06-02 05:18:00",2.48,13.4,0.185074626865672,3.528,2.382,2.388,1.448,0.862,2121.13492922342,30.7140337751551,2117.90602688898,30.6672792693524,0,0,0,0,500,263.95,500,178.156666666667,500,81.8442857142857,500,57.4864285714286,500,0.486272707108691,-0.87380710361108,30,18.3,1.34252041,0,0,0,"before","before",0,229
96,"ESW1-35e",22417,31.8,4.2,0.4,48,0.692,15.6,52.2,47.6,34012.77474698,48.249374892,6.372558948,0.606910376,72.82924512,1.04995495048,23.669504664,79.201804068,72.222334744,24304.32,"HT",NA,NA,NA,NA,NA,NA,"FALSE",NA,"SW1","WY14","2014-06-02 10:32:00","2014-06-03 01:30:00","2014-06-02 10:32:00","2014-06-03 01:30:59",3.516,"2014-06-02 10:32:00","2014-06-02 15:23:00",0.796,4.85,0.164123711340206,3.552,2.562,1.924,1.286,0.742,743.556785265929,9.56214025851985,731.172770376672,9.402881827044,2.48,2.48,2.48,2.48,500,263.95,500,178.156666666667,500,81.8442857142857,500,57.4864285714286,500,0.486272707108691,-0.87380710361108,25.6,16.1,0.5905515,0,0,0,"before","before",0,230
97,"ESW1-36",3054,90.7,19.2,1.05,7.8,0.676,2.09,27,6.75,1238.74442304,36.789168032,7.787784192,0.425894448,3.163787328,0.27419490176,0.8477327584,10.95157152,2.73789288,6497.28,"HT",NA,NA,NA,NA,NA,NA,"FALSE",NA,"SW1","WY14","2014-06-18 05:15:59","2014-06-18 20:44:59","2014-06-18 05:15:59","2014-06-19 07:59:59",0.3936,"2014-06-18 02:19:00","2014-06-18 12:48:00",1.072,10.4833333333333,0.102257551669316,1.092,0.978,0.832,0.578,0.37,665.680746044579,3.84763471213766,731.200963970516,4.22634157174958,0,0,0,0,91.8,48.575,91.8,33.7533333333333,91.8,18.8614285714286,91.8,38.5592857142857,155,0.230305670230614,-0.973118337233261,23.3,16.7,0.98031549,0,0,0,"before","before",6,6
100,"ESW1-37",167,74.2,39.2,0.83,3.22,0.271,0.647,42.42,2.39,5.58474052,2.481363752,1.310909152,0.0277564948,0.1076818232,0.00906266276,0.02163668932,1.4185909752,0.0799253284,535.68,"HT",NA,NA,NA,NA,NA,NA,"FALSE",NA,"SW1","WY14","2014-08-12 03:27:00","2014-08-12 11:37:59","2014-08-12 03:22:59","2014-08-12 11:44:59",0.0471,"2014-08-11 21:02:00","2014-08-12 11:38:00",1.786,14.6,0.122328767123288,1.44,1.158,1.024,0.872,0.769,1274.67962731219,11.1152063501623,1326.96948537299,11.5711739124525,0,0,0,0,7.85,4.095,7.85,2.87666666666667,7.85,1.55714285714286,7.85,1.54785714285714,7.85,-0.655156357209083,-0.755493314072682,22.8,11.7,1.00000054,0,0,0,"before","before",61,36
103,"ESW1-38",2011,18,2.9,0.67,8.8,0.287,3.15,11.7,8.13,48.8111931,0.4368978,0.07038909,0.016262307,0.21359448,0.0069660927,0.076457115,0.28398357,0.197332173,388.8,NA,NA,NA,NA,NA,NA,NA,"FALSE",NA,"SW1","WY14","2014-09-04 20:12:00","2014-09-04 22:59:59","2014-09-04 20:08:59","2014-09-05 01:00:00",0.1275,"2014-09-04 19:32:00","2014-09-04 21:54:00",0.699,2.36666666666667,0.295352112676056,2.184,1.65,1.392,0.876,0.6,619.324732173704,5.42528465384165,606.986317299632,5.31720013954478,0,0,0,0,110,57.87,110,39.1433333333333,110,17.8571428571429,110,10.7442857142857,110,-0.903355802324684,-0.428891937912485,25,13.3,2.61023763,0,0,0,"before","before",84,59
104,"ESW1-39",2103,40.8,6.9,0.31,9.7,0.63,3.14,16.6,9.39,792.88698186,15.382686096,2.601483678,0.1168782522,3.657158214,0.2375267706,1.1838635868,6.258641892,3.5402799618,6039.36,NA,NA,NA,NA,NA,NA,NA,"FALSE",NA,"SW1","WY14","2014-09-05 05:35:00","2014-09-05 16:30:00","2014-09-05 05:33:59","2014-09-06 09:00:00",1.383,"2014-09-05 05:33:59","2014-09-05 06:57:00",0.577,1.38361111111111,0.417024693836579,3.456,2.166,1.588,0.848,0.487,553.473147623436,4.69345229184673,540.224489051741,4.58110366715877,0.699,0.699,0.699,0.699,110,57.87,110,39.1433333333333,110,17.8571428571429,110,10.7442857142857,110,-0.903355802324684,-0.428891937912485,23.9,10.6,0.18897648,0,0,0,"before","before",85,60
106,"ESW1-40a",922,59.8,2.4,0.08,4.7,0.385,1.6,7.1,4.62,95.98051348,6.225200332,0.249840816,0.0083280272,0.489271598,0.0400786309,0.166560544,0.739112414,0.4809435708,1667.52,"HT",NA,NA,NA,NA,NA,NA,"FALSE",NA,"SW1","WY14","2014-09-20 03:29:00","2014-09-21 04:30:00","2014-09-20 03:26:00","2014-09-21 04:30:00",0.1129,"2014-09-20 03:07:00","2014-09-21 00:08:00",0.775,21.0166666666667,0.0368754956383822,1.8,1.68,1.408,0.83,0.487,601.892742549167,4.99570976315808,613.550100956069,5.09246583793538,0,0,0,0,2.65,2.515,2.65,2.61333333333333,2.81,4.23571428571429,8.36,5.97928571428571,16.3,-0.982926551979982,-0.183998351657683,23.9,4.4,0.79921303,0,0,0,"before","before",100,75
107,"ESW1-40b",1036,47.5,5.8,0.39,5.3,0.632,1.9,11.1,4.91,384.45280384,17.6269384,2.152341952,0.1447264416,1.966795232,0.23453105408,0.705077536,4.119137184,1.8220687904,5944.32,"HT",NA,NA,NA,NA,NA,NA,"FALSE","Komiskey, Matthew J.:sampled just after peak, ended sample time early, use 40a to estimate last half of event","SW1","WY14","2014-09-21 04:30:00","2014-09-21 15:08:00","2014-09-21 04:30:00","2014-09-21 15:08:00",0.5732,"2014-09-21 04:30:00","2014-09-21 09:09:00",0.324,4.65,0.0696774193548387,0.432,0.378,0.36,0.306,0.225,190.642255272416,0.583365301133592,212.847915341678,0.651314620945534,0.243,0.775,0.775,0.775,34.6,18.625,34.6,13.21,34.6,7.98428571428571,34.6,7.28642857142857,34.6,-0.98594814996383,-0.167051625502123,15,4.4,0.25984266,0,0,0,"before","before",101,76
109,"ESW1-41",666,56.5,3.7,0.33,5.7,0.758,2.04,9.4,5.37,147.2831028,12.4947377,0.81823946,0.072978114,1.26053106,0.1676285164,0.451137432,2.07877052,1.187552946,3542.4,"HT",NA,NA,NA,NA,NA,NA,"FALSE",NA,"SW1","WY15","2014-10-03 04:14:59","2014-10-03 15:45:00","2014-10-03 03:00:00","2014-10-03 21:15:00",0.2276,"2014-10-03 02:54:00","2014-10-03 08:05:00",0.350999999,5.18333333333333,0.067717041607717,0.216000072,0.162000054,0.18000006,0.144000048,0.126000042,160.514582532147,0.231141075893292,197.931502091726,0.285021458019207,0,0,0,1.099,7.91,5.265,7.91,4.33333333333333,7.91,3.45,7.91,10.26,44.8,-0.999250011239684,0.0387222808921717,17.8,5,0.33858286,0,0,0,"before","before",0,88
110,"ESW1-42",1086,33.4,9.1,0.12,6.9,0.674,2.39,16,6.78,595.72471356,18.321551964,4.991800086,0.0658259352,3.784991274,0.36972233604,1.3110332094,8.77679136,3.7191653388,8786.88,"HT",NA,NA,NA,NA,NA,NA,"FALSE",NA,"SW1","WY15","2014-10-13 19:20:00","2014-10-14 04:12:59","2014-10-13 19:18:59","2014-10-14 04:12:59",0.928,"2014-10-13 16:35:00","2014-10-14 02:18:00",0.881999963,9.71666666666667,0.0907718658319039,0.863999724,0.539999898,0.432000028,0.288000038,0.224999988,506.329856261062,1.4582301784372,570.597388525795,1.6433206957813,0,0,0,0.350999999,119,60.805,119,41.33,119,19.7014285714286,119,13.6814285714286,119,-0.974100455172421,0.226115685508287,16.7,8.9,1.30315031,0,0,0,"before","before",0,98
123,"ESW1-43",3035,74.8,18.8,0.8,16.2,0.256,3.95,35,15.4,45.8365124,1.129677472,0.283929632,0.012082112,0.244662768,0.00386627584,0.059655428,0.5285924,0.232580656,241.92,NA,NA,NA,NA,NA,NA,NA,"FALSE",NA,"SW1","WY15","2015-04-09 14:21:00","2015-04-09 16:59:59","2015-04-09 14:21:00","2015-04-09 16:59:59",0.0652,"2015-04-09 13:53:00","2015-04-09 15:15:00",0.234000019,1.36666666666667,0.171219526097561,0.324000108,0.324000108,0.288000096,0.269999972,0.198000007,139.775909922413,0.377394917653259,160.319016784157,0.432861300427898,0,0,0,0,62.6,39.65,62.6,32,62.6,23.1571428571429,62.6,17.8571428571429,62.6,0.991114063993455,-0.133014706534195,5,2.2,0.72834685,0,0,0,"before","before",0,148
124,"ESW1-44",3008,78.4,26.7,0.81,13.9,0.367,3.7,40.6,13.09,76.25538688,1.987507424,0.676867962,0.0205341966,0.352376954,0.00930376562,0.093798182,1.029244916,0.3318427574,406.08,NA,NA,NA,NA,NA,NA,NA,"FALSE",NA,"SW1","WY15","2015-04-09 19:18:59","2015-04-09 22:30:00","2015-04-09 19:14:59","2015-04-09 22:45:00",0.1226,"2015-04-09 19:06:00","2015-04-09 20:43:00",0.189000007,1.61666666666667,0.116907220824742,0.324000108,0.269999736,0.216000076,0.197999952,0.126000045,103.898946251836,0.20571986370714,121.808955889169,0.241181674192257,0.234000019,0.234000019,0.234000019,0.234000019,262,162.3,262,113.766666666667,262,58.1571428571429,262,35.5714285714286,262,0.988677590232341,-0.150055398344652,5,2.2,0.72834685,0,0,0,"before","before",0,148
125,"ESW1-45",901,84.6,30.2,0.99,8.58,0.491,1.69,38.78,7.59,28.67290142,2.692261332,0.961067284,0.0315051858,0.2730449436,0.01562529922,0.0537815798,1.2341122276,0.2415397578,509.76,NA,NA,NA,NA,NA,NA,NA,"FALSE",NA,"SW1","WY15","2015-04-10 01:05:59","2015-04-10 04:30:00","2015-04-10 01:00:00","2015-04-10 04:30:00",0.0598,"2015-04-10 01:00:00","2015-04-10 04:28:00",0.143999937,3.46666666666667,0.0415384433653846,0.432000168,0.324000126,0.216000084,0.143999818,0.090000035,74.4695191488403,0.107235972039805,82.8511826319135,0.119305552200803,0.423000026,0.423000026,0.423000026,0.423000026,262,162.3,262,113.766666666667,262,58.1571428571429,262,35.5714285714286,262,0.988677590232341,-0.150055398344652,10,1.7,0.1181103,0,0,0,"before","before",0,149
126,"ESW1-46",17200,27.1,3.8,3.47,54,1.7,19.4,57.8,50.53,677.245528,1.067055454,0.149624012,0.1366303478,2.12623596,0.066937058,0.763869956,2.275859972,1.9896056122,630.72,NA,NA,NA,NA,NA,NA,NA,"FALSE",NA,"SW1","WY15","2015-05-17 16:57:59","2015-05-17 18:00:00","2015-05-17 16:54:00","2015-05-17 18:15:00",0.8292,"2015-05-17 16:53:00","2015-05-17 17:03:00",0.446000022,0.166666666666667,2.676000132,4.35600024,2.622000132,1.784000088,0.892000044,0.446000022,478.174889029186,4.2653202205373,466.120960133565,4.15779916948462,0,0,0,0,4.56,4.33,4.56,4.23666666666667,4.56,4.82571428571429,6.98,5.18071428571429,6.98,0.70558361010718,-0.708626678264457,23.3,13.3,0.22047256,0,0,0,"transition","transition",235,186
127,"ESW1-47",3760,25.8,8.8,1.06,14,0.623,4.53,22.8,12.94,614.5048464,4.216549212,1.438202832,0.1732380684,2.28804996,0.10181822322,0.7403475942,3.726252792,2.1148118916,2617.92,NA,NA,NA,NA,NA,NA,NA,"FALSE",NA,"SW1","WY15","2015-05-24 18:47:59","2015-05-25 03:00:00","2015-05-24 18:45:00","2015-05-25 07:59:59",0.6542,"2015-05-24 12:57:00","2015-05-25 06:20:00",1.408000014,17.3833333333333,0.0809971244870566,0.996000876,0.71400018,0.512000132,0.395999918,0.317000041,927.64629059714,3.67347855009472,983.728317117184,3.89556332912683,0,0,0.446000022,0.446000022,3.26,3.15,3.26,3.40666666666667,3.92,8.26,22.7,6.54285714285714,22.7,0.61528459996333,-0.788305055830523,25.6,12.2,1.3385834,0,0,0,"transition","transition",4,4
128,"ESW1-48",127,86.7,15,0.18,4.2,0.694,1.04,19.2,4.02,25.61947124,17.489828004,3.0259218,0.0363110616,0.847258104,0.13999931528,0.2097972448,3.873179904,0.8109470424,3231.36,NA,NA,NA,NA,NA,NA,NA,"FALSE",NA,"SW1","WY15","2015-05-30 05:32:00","2015-05-30 19:30:00","2015-05-30 04:00:00","2015-05-31 00:45:00",0.2129,"2015-05-29 21:24:00","2015-05-30 12:43:00",0.773999982,15.3166666666667,0.0505331870729053,0.432000072,0.378000048,0.324000004,0.18000006,0.143999989,361.886779193788,0.651396419680886,424.896727035286,0.764814363601551,0,0,1.408000014,1.854000036,83.9,49.4,83.9,41.2333333333333,83.9,43.7228571428571,83.9,26.0842857142857,83.9,0.530730048161936,-0.84754092289283,18.3,3.9,0.48031522,0,0,0,"transition","transition",10,10
130,"ESW1-49",92,85.4,25.1,0.25,3.5,0.703,1.06,28.6,3.25,50.01994368,46.431556416,13.646745504,0.13592376,1.90293264,0.38221761312,0.5763167424,15.549678144,1.76700888,8709.12,NA,NA,NA,NA,NA,NA,NA,"FALSE",NA,"SW1","WY15","2015-06-11 22:30:00","2015-06-12 16:14:59","2015-06-11 22:27:00","2015-06-12 21:00:00",0.5442,"2015-06-11 21:21:00","2015-06-12 06:19:00",0.773999979,8.96666666666667,0.086319700260223,0.216000084,0.16200042,0.144000056,0.144000052,0.126000046,353.631452424838,0.509229475380122,445.911065844674,0.642112166690084,0,0,0,0.773999982,72.1,39.63,72.1,29.7033333333333,72.1,17.7871428571429,72.1,33.215,142,0.329408482224533,-0.944187508834199,21.1,13.3,0.80708705,0,0,0,"after","after (corn)",22,22
131,"ESW1-50",1210,49.6,10.9,0.15,4.9,0.526,1.7,15.8,4.75,1024.660186,42.00259936,9.23040994,0.12702399,4.14945034,0.4454307916,1.43960522,13.37986028,4.02242635,13564.8,NA,NA,NA,NA,NA,NA,NA,"FALSE","Komiskey, Matthew J.:NRCS signed off on Waterway completion","SW1","WY15","2015-06-15 15:47:00","2015-06-16 07:00:00","2015-06-15 15:45:59","2015-06-16 13:00:00",1.66,"2015-06-15 15:32:00","2015-06-15 17:43:00",0.680000028,2.18333333333333,0.311450394503817,1.68000024,1.38000012,1.0640001,0.802000068,0.536000039,572.057233280578,4.58789939990915,565.653269744355,4.53653960799395,0,0,0.773999979,0.773999979,32,41.45,50.9,78.3,152,47.6242857142857,152,30.4007142857143,152,0.280230675199217,-0.959932689659744,27.2,13.3,0.64173263,0,0,0,"after","after (corn)",26,26
133,"ESW1-51",513,3.3,0.05,0.11,2.3,0.605,1.22,2.35,2.19,16.87881834,0.108577194,0.001645109,0.0036192398,0.075675014,0.0199058189,0.0401406596,0.077320123,0.0720557742,527.04,NA,NA,NA,NA,NA,NA,NA,"FALSE",NA,"SW1","WY15","2015-09-08 09:06:59","2015-09-08 13:00:00","2015-09-08 08:53:59","2015-09-08 13:00:00",0.2262,"2015-09-08 08:09:00","2015-09-08 11:59:00",1.343999975,3.83333333333333,0.350608689130435,3.672,2.880000138,2.064000148,1.103999982,0.875000036,1204.96655731867,13.3028305759041,1199.2895214595,13.2401561010408,0,0,0,0,63.2,31.93,63.2,21.2866666666667,63.2,9.12428571428572,63.2,4.57642857142857,63.2,-0.924290722193092,-0.381689220266663,23.3,17.2,2.50000135,0,0,0,"after","after (corn)",111,75
134,"ESW1-52",222,7.7,0.8,0.09,1.83,0.733,1.12,2.63,1.74,14.12959848,0.490080668,0.050917472,0.0057282156,0.1164737172,0.04665313372,0.0712844608,0.1673911892,0.1107455016,1019.52,NA,NA,NA,NA,NA,NA,NA,"FALSE",NA,"SW1","WY15","2015-09-19 00:56:59","2015-09-19 05:15:00","2015-09-19 00:56:59","2015-09-19 05:15:00",0.2416,"2015-09-18 21:19:00","2015-09-19 03:10:00",0.927,5.85,0.158461538461538,0.972000516,0.648000336,0.504000248,0.414000042,0.360000075,632.260860443758,2.61756022778672,675.880464146434,2.79814540543603,0,0,0,1.343999975,19.7,10.195,19.7,6.95333333333333,19.7,3.82857142857143,19.7,12.59,63.8,-0.97961369164549,-0.200890555130638,21.7,9.4,0.22047256,0,0,0,"after","after (corn)",122,86
137,"ESW1-53",35,80.2,9.6,0.25,2.7,0.971,1.1,12.3,2.45,17.368036,39.79761392,4.76380416,0.1240574,1.33981992,0.4818389416,0.54585256,6.10362408,1.21576252,7948.8,NA,NA,NA,NA,NA,NA,NA,"FALSE",NA,"SW1","WY16","2015-11-26 15:06:00","2015-11-28 01:59:59","2015-11-26 15:02:59","2015-11-28 01:59:59",0.1859,"2015-11-26 13:06:00","2015-11-27 01:18:00",1.161,12.2,0.0951639344262295,0.324,0.27,0.252,0.216,0.18,562.357965852057,1.21469320624044,694.245241510271,1.49956972166218,0,0,0,0,5.25,3.625,5.25,3.16666666666667,5.25,4.95428571428571,11.8,5.87214285714286,20.3,-0.566701756291121,0.823923005757552,10,-7.7,1.06692971,0.1968505,0,0,"after","after (corn)",0,48
138,"ESW1-54",36,79.2,18.2,0.1,1.9,0.536,0.686,20.1,1.8,11.88362016,26.143964352,6.007830192,0.033010056,0.627191064,0.17693390016,0.22644898416,6.635021256,0.594181008,5287.68,NA,NA,NA,NA,NA,NA,NA,"FALSE",NA,"SW1","WY16","2015-11-30 23:17:59","2015-12-02 08:30:00","2015-11-30 23:19:59","2015-12-02 08:30:00",0.1081,"2015-11-30 22:10:00","2015-12-01 08:12:00",0.369,10.0333333333333,0.0367774086378738,0.324,0.27,0.252,0.18,0.117,174.746227133796,0.314543208840833,198.908472326786,0.358035250188215,0,0,1.161,1.161,49.3,33.7,49.3,33.4666666666667,49.3,48.0928571428571,120,28.3771428571429,120,-0.49377555015998,0.86958938934661,5.6,-2.1,0.42126007,0,0,0,"after","after (corn)",0,52
141,"ESW1-55a,ESW1-55b",1212.12135141347,30.8039301310044,11.1379682831533,0.0722638473914043,6.57447483337164,0.482269133532521,2.29197885543553,17.7124431165249,6.50221098598023,5689.3155144,144.583937404,52.278111988,0.3391837192,30.8585123304,2.26361928228,10.757826224,83.1366243184,30.5193286112,75185.28,"NA, NA","NA, NA","NA, NA","NA, NA","NA, NA","NA, NA","NA, NA","FALSE, FALSE","NA, NA","SW1","WY16","2015-12-13 04:50:59","2015-12-15 23:08:59","2015-12-13 04:50:59","2015-12-15 23:08:59",1.646,"2015-12-13 04:33:00","2015-12-15 22:36:00",2.663,66.05,0.0403179409538229,1.452,1.092,0.872,0.544,0.306,1647.41680786651,8.96194743479381,1766.21393743021,9.60820381962034,0,0,0,0.369,122,64.31,122,45.27,122,24.7242857142857,122,31.2407142857143,122,-0.304921224656291,0.952377575730397,12.8,0.6,3.50787591,0,0,0,"after","after (corn)",0,65
143,"ESW1-55d",156,44.2,11.6,0.06,2.31,0.406,0.654,13.91,2.25,39.29491176,11.133558332,2.921929336,0.0151134276,0.5818669626,0.10226752676,0.16473636084,3.5037962986,0.566753535,4034.88,NA,NA,NA,NA,NA,NA,NA,"FALSE",NA,"SW1","WY16","2015-12-16 05:26:59","2015-12-17 04:30:59","2015-12-16 05:26:59","2015-12-17 08:15:00",0.109,"2015-12-16 05:26:59","2015-12-16 10:57:00",0.189,5.50027777777778,0.0343619009140952,0.216,0.216,0.18,0.162,0.108,90.0758900046105,0.145922941807469,103.064084872685,0.16696381749375,0.009,0.513,2.663,2.663,255,475,695,686.666666666667,1110,314.821428571429,1110,166.547857142857,1110,-0.255353295116191,0.966847813605277,8.9,-3.2,0.20078751,0,0,0,"after","after (corn)",0,68
144,"ESW1-56",280,45.8,12,0.09,2.48,0.408,0.895,14.48,2.39,114.024932,18.65122102,4.8867828,0.036650871,1.009935112,0.1661506152,0.3644725505,5.896717912,0.973284241,6523.2,NA,NA,NA,NA,NA,NA,NA,"FALSE",NA,"SW1","WY16","2015-12-23 10:59:59","2015-12-24 09:29:59","2015-12-23 10:59:59","2015-12-24 09:29:59",0.1773,"2015-12-23 10:59:59","2015-12-23 11:00:59",0,0.0166666666666667,0,0,0,0,0,0,0,0,0,0,0,0,0,2.852,48.3,43.75,48.3,44.0333333333333,48.3,75.3142857142857,176,195.067857142857,1110,-0.137278772113269,0.990532452132222,11.7,-1,0.36220492,0,0,0,"after","after (corn)",0,75
146,"ESW1-57b,EsW1-57c",5.70450097847358,11.3616438356164,1.73639921722114,0.269315068493151,0.895009784735812,0.318297455968689,0.398753424657534,2.63140900195695,0.625694716242662,1.5722927,3.131532404,0.478591874,0.0742294756,0.246685443,0.087730157,0.10990568694,0.725277317,0.1724559674,4415.04,"NA, NA","NA, NA","NA, NA","NA, NA","NA, NA","NA, NA","NA, NA","TRUE, TRUE","NA, NA","SW1","WY16","2016-02-20 10:45:00","2016-02-22 02:21:59","2016-02-20 10:45:00","2016-02-22 02:21:59",0.1678,"2016-02-20 10:45:00","2016-02-20 10:46:00",0,0.0166666666666667,0,0,0,0,0,0,0,0,0,0,0,0,0,0,68.3,39.55,68.3,28.98,68.3,17.4385714285714,68.3,13.3585714285714,68.3,0.769414826883936,0.63874942205153,6.7,-3.8,0.01968505,0.3149608,3.80577633333333,-3.93701,"after","after (corn)",0,134
151,"ESW1-59a",36,63.9,7.6,0.21,2.09,0.403,0.517,9.69,1.88,11.82536712,20.990026638,2.496466392,0.0689813082,0.6865282578,0.13237841526,0.16982541114,3.1829946498,0.6175469496,5261.76,NA,NA,NA,NA,NA,NA,NA,"FALSE",NA,"SW1","WY16","2016-03-13 17:30:00","2016-03-15 16:09:00","2016-03-13 17:30:00","2016-03-15 16:09:00",0.0973,"2016-03-13 17:30:00","2016-03-14 04:20:00",0.306,10.8333333333333,0.0282461538461538,0.108,0.108,0.108,0.09,0.072,118.21446230324,0.106393016072916,136.16701621333,0.122550314591997,0,0,0,0,68.6,75.8,83,87.2,110,194.657142857143,397,132.357142857143,397,0.951056516295153,0.309016994374948,10.6,2.8,0.83070911,0,0,0,"after","after (corn)",0,156
152,"ESW1-59b",10400,28,5,0.12,28.6,0.383,11,33.6,28.48,22079.196672,59.44399104,10.6149984,0.2547599616,60.717790848,0.81310887744,23.35299648,71.332789248,60.4630308864,34007.04,NA,NA,NA,NA,NA,NA,NA,"FALSE",NA,"SW1","WY16","2016-03-15 16:09:00","2016-03-17 18:29:59","2016-03-15 16:09:00","2016-03-17 18:29:59",2.22,"2016-03-15 16:09:00","2016-03-16 15:14:00",1.239,23.0833333333333,0.0536750902527076,2.7,1.86,1.348,0.8,0.571,850.605599389477,6.80484479511581,881.270684499588,7.05016547599671,0,0.306,0.306,0.306,97.2,99.6,102,89.2666666666667,102,155.828571428571,397,130.357142857143,397,0.9611297838723,0.276096973097471,10.6,1.1,1.2204731,0,0,0,"after","after (corn)",0,158
153,"ESW1-60a,ESW1-60b,ESW1-61a,ESW1-61b",1250.15556865056,29.2276566489884,4.70817128265567,0.0856668630917305,4.12293066195247,0.341668041642114,1.79966057748969,8.83110194460813,4.03726379886073,3432.90666396,80.25866524,12.928561034,0.2352397994,11.3214998992,0.93821483216,4.94183839536,24.2500609332,11.0862600998,43986.24,"NA, NA, NA, NA","NA, NA, NA, NA","NA, NA, NA, NA","NA, NA, NA, NA","NA, NA, NA, NA","NA, NA, NA, NA","NA, NA, NA, NA","FALSE, FALSE, FALSE, FALSE","NA, NA, NA, NA","SW1","WY16","2016-03-26 11:15:00","2016-04-01 06:00:00","2016-03-26 11:15:00","2016-04-01 19:14:59",1.0623,"2016-03-26 11:15:00","2016-03-31 18:53:00",1.17,127.633333333333,0.00916688430399582,0.54,0.486,0.432,0.342,0.288,620.95458777855,2.12366469020264,690.2591743374,2.36068637623391,0,0,0,1.545,56.1,41.65,56.1,38.0333333333333,56.1,43.7428571428571,63.5,131.8,633,0.995918996147179,0.0902516100310419,12.8,-4.3,1.35433144,0,1.012374,-7.086618,"after","after (corn)",0,169
160,"ESW1-62",6410,10.2,5.6,0.25,19.5,0.022,7,25.1,19.25,1721.7980484,2.739834648,1.504222944,0.06715281,5.23791918,0.00590944728,1.88027868,6.742142124,5.17076637,4302.72,NA,NA,NA,NA,NA,NA,NA,"FALSE",NA,"SW1","WY16","2016-06-15 18:44:00","2016-06-16 04:00:00","2016-06-15 18:44:00","2016-06-16 05:30:00",2.21,"2016-06-15 18:28:00","2016-06-15 19:36:00",0.734,1.13333333333333,0.647647058823529,1.14,1.08,1.06,0.98,0.716,697.035744725064,6.83095029830563,653.114841342183,6.4005254451534,0,0,0,0,9.79,8.425,9.79,7.69666666666667,9.79,7.44571428571429,12.9,6.47285714285714,12.9,0.263665492728009,-0.964614175691243,24.4,13.9,0.64960665,0,0,0,"after","after (alfalfa)",37,250
161,"ESW1-63",1510,2.1,0.05,0.14,5.06,0.565,2.2,5.11,4.92,166.965079,0.23220309,0.005528645,0.015480206,0.559498874,0.0624736885,0.24326038,0.565027519,0.544018668,1771.2,NA,NA,NA,NA,NA,NA,NA,"FALSE",NA,"SW1","WY16","2016-06-26 03:38:00","2016-06-26 06:13:00","2016-06-26 03:38:00","2016-06-26 10:45:00",0.6944,"2016-06-26 03:23:00","2016-06-26 07:09:00",1.218,3.76666666666667,0.323362831858407,2.208,1.788,1.608,1.27,0.966,1111.69400592914,14.1185138753,1072.48723333983,13.6205878634159,0,0,0,0.734,16,9.6,16,7.81666666666667,16,7.19285714285714,16,20.0171428571429,107,0.0773864792334671,-0.997001169925015,30.6,20.6,0.70078778,0,0,0,"after","after (alfalfa)",48,261
164,"ESW1-64",42,16.3,0.7,0.05,2.21,1.2,1.3,2.91,2.16,0.43042524,0.167045986,0.007173754,0.000512411,0.0226485662,0.012297864,0.013322686,0.0298223202,0.0221361552,164.16,NA,NA,NA,NA,NA,NA,NA,"FALSE",NA,"SW1","WY16","2016-07-29 02:19:59","2016-07-29 03:29:59","2016-07-29 02:19:59","2016-07-29 03:29:59",0.0845,"2016-07-29 01:46:00","2016-07-29 03:18:00",0.956,1.53333333333333,0.623478260869565,2.076,1.902,1.876,1.6,0.947,978.759656882975,15.6601545101276,917.076452476187,14.673223239619,0,0,0,0,14.6,8.315,14.6,6.27333333333333,14.6,4.91285714285714,14.6,3.35285714285714,14.6,-0.47115950767386,-0.882048024955856,24.4,15.6,0.01181103,0,0,0,"after","after (alfalfa)",81,294
168,"ESW1-66",112,43.9,0.05,0.32,3.42,1.4,1.8,3.47,3.1,10.99472192,4.309538324,0.004908358,0.0314134912,0.3357316872,0.137434024,0.176700888,0.3406400452,0.304318196,1572.48,NA,NA,NA,NA,NA,NA,NA,"FALSE",NA,"SW1","WY16","2016-09-10 04:52:00","2016-09-10 17:44:59","2016-09-10 04:52:00","2016-09-10 17:44:59",0.1564,"2016-09-10 04:29:00","2016-09-10 16:17:00",0.571,11.8,0.0483898305084746,0.78,0.552,0.44,0.4,0.254,419.001459180418,1.67600583672167,424.093639042336,1.69637455616934,0,0,0,0,6.84,7.07,7.3,9.78,15.2,5.17142857142857,15.2,3.56928571428571,15.2,-0.94276114339042,-0.333468778918189,21.7,10,0.81889808,0,0,0,"after","after (alfalfa)",39,337
174,"ESW1-68",366,28.9,4.7,0.17,4.76,1,1.8,9.46,4.59,402.7226832,31.79968728,5.17157544,0.187056984,5.237595552,1.1003352,1.98060336,10.409170992,5.050538568,17625.6,NA,NA,NA,NA,NA,NA,NA,"FALSE",NA,"SW1","WY16","2016-09-21 22:50:59","2016-09-23 00:45:00","2016-09-21 22:50:59","2016-09-23 00:45:00",1.288,"2016-09-21 20:40:00","2016-09-22 09:11:00",1.374,12.5166666666667,0.109773635153129,1.128,0.672,0.448,0.382,0.315,899.817831167087,3.43730411505827,969.22681200399,3.70244642185524,0,0,0,0.571,53.4,28.54,53.4,20.58,53.4,13.5942857142857,53.4,17.1142857142857,53.5,-0.991114063993454,-0.133014706534197,22.8,13.9,1.44881968,0,0,0,"after","after (alfalfa)",50,348
175,"ESW1-69",160,61.8,0.3,0.1,4.05,0.604,1.12,4.35,3.95,30.825567,11.90637525375,0.057797938125,0.019265979375,0.7802721646875,0.116366515425,0.215778969,0.8380701028125,0.7610061853125,3086.1,NA,NA,NA,NA,NA,NA,NA,"FALSE","Ennis, Ryan Patrick:End of event was actually 14:00","SW1","WY17","2016-10-26 08:59:00","2016-10-27 15:45:00","2016-10-26 08:59:00","2016-10-27 13:59:59",0.08,"2016-10-26 05:14:00","2016-10-27 04:17:00",1.107,23.05,0.0480260303687636,0.324,0.324,0.324,0.288,0.261,573.665487226155,1.65215660321133,670.93461946125,1.9322917040484,0,0,0,0,17.4,10.055,17.4,7.64666666666667,17.4,5.19,17.4,7.55857142857143,22.3,-0.899630869652244,0.436651231956062,9.4,4.4,0.98818951,0,0,0,"after","after (alfalfa)",85,383
176,"ESW1-70",70,29.6,0.05,0.03,1.99,0.424,0.679,2.04,1.96,5.31214386111111,2.24627797555556,0.00379438847222222,0.00227663308333333,0.151016661194444,0.0321764142444444,0.0515277954527778,0.154811049666667,0.148740028111111,1215.6,NA,NA,NA,NA,NA,NA,NA,"FALSE",NA,"SW1","WY17","2016-11-28 01:39:00","2016-11-28 12:29:59","2016-11-28 01:39:00","2016-11-28 12:29:59",0.13,"2016-11-28 00:07:00","2016-11-28 06:34:00",0.54,6.45,0.0837209302325581,0.324,0.27,0.288,0.252,0.207,298.289497319297,0.751689533244629,349.857548323163,0.881641021774371,0,0,0,0,17.2,11.645,17.2,9.98666666666667,17.2,7.02571428571429,17.2,5.76357142857143,17.2,-0.523415607365552,0.852077521101308,10,6.7,1.46850473,0,0,0,"after","after (alfalfa)",118,416
177,"ESW1-71",85,44.9,1.5,0.13,3.12,0.611,1.03,4.62,2.99,70.2164134861111,37.0907878297222,1.23911317916667,0.107389808861111,2.57735541266667,0.504732101647222,0.850857716361111,3.81646859183333,2.46996560380556,13232.4,NA,NA,NA,NA,NA,NA,NA,"FALSE",NA,"SW1","WY17","2016-11-28 15:00:00","2016-11-30 00:00:00","2016-11-28 15:00:00","2016-11-30 00:00:00",0.61,"2016-11-28 13:44:00","2016-11-29 00:15:00",0.864,10.5166666666667,0.0821553090332805,0.216,0.216,0.216,0.162,0.126,404.502479907011,0.655294017449357,503.135813988038,0.815080018660622,0.54,0.54,0.54,0.54,17.2,11.645,17.2,9.98666666666667,17.2,7.02571428571429,17.2,5.76357142857143,17.2,-0.523415607365552,0.852077521101308,10,-0.5,1.57874101,0,0,0,"after","after (alfalfa)",118,416
180,"ESW1-72",4,10.7,0.4,0.07,1.19,0.21,0.295,1.59,1.12,1.134720675,3.035377805625,0.1134720675,0.0198576118125,0.3375794008125,0.0595728354375,0.08368564978125,0.4510514683125,0.317721789,4544.1,NA,NA,NA,NA,NA,NA,NA,"FALSE",NA,"SW1","WY17","2016-12-26 01:30:00","2016-12-27 00:33:59","2016-12-26 01:30:00","2016-12-27 00:33:59",0.15,"2016-12-25 17:14:00","2016-12-26 05:41:00",0.612,12.45,0.0491566265060241,0.432,0.378,0.288,0.18,0.162,311.534932719376,0.560762878894878,351.572778082909,0.632831000549236,0,0,0,0,23.3,13.89,23.3,10.6833333333333,23.3,7.04571428571429,23.3,5.865,23.3,-0.0688024268023225,0.997630305306585,7.2,-6.6,0.33858286,0,5.511814,-5.905515,"after","after (alfalfa)",146,444
183,"ESW1-73b",6,16.8,0.2,2.68,5.27,0.604,0.742,5.47,2.59,3.56541417083333,9.98315967833333,0.118847139027778,1.59255166297222,3.13162211338194,0.358918359863889,0.440922885793056,3.25046925240972,1.53907045040972,9518.7,NA,NA,NA,NA,NA,NA,NA,"TRUE",NA,"SW1","WY17","2017-01-19 19:00:00","2017-01-21 00:15:00","2017-01-19 19:00:00","2017-01-21 00:15:00",0.24,"2017-01-19 19:00:00","2017-01-20 12:12:00",0.171,17.2,0.00994186046511628,0.108,0.108,0.108,0.09,0.072,68.0653276860433,0.0612587949174389,74.80442906009,0.067323986154081,0,0,0,0,103,106.5,110,102.733333333333,110,53.4271428571429,110,31.025,110,0.35367612217637,0.935367949313149,3.9,0.6,0.18110246,0,3.41207533333333,-0.787402,"after","after (alfalfa)",170,468
184,"ESW1-73c",6,15.6,0.4,3.56,6.61,0.882,1.04,7.01,3.05,7.7289782875,20.0953435475,0.515265219166667,4.58586045058333,8.51475774672917,1.1361598082625,1.33968956983333,9.03002296589583,3.92889729614583,20634.3,NA,NA,NA,NA,NA,NA,NA,"TRUE",NA,"SW1","WY17","2017-01-21 00:15:00","2017-01-22 08:42:59","2017-01-21 00:15:00","2017-01-22 08:42:59",0.37,"2017-01-21 00:15:00","2017-01-22 03:42:00",0.027,27.45,0.000983606557377049,0.108,0.054,0.036,0.018,0.009,13.1364500624254,0.00236456101123658,5.18507340918446,0.000933313213653202,0.171,0.171,0.171,0.171,176,139.5,176,129.666666666667,176,77.5171428571429,176,43.2985714285714,176,0.369724542890671,0.929141411403175,4.4,1.7,0.01181103,0,2.5590565,-1.181103,"after","after (alfalfa)",172,470
185,"ESW1-73d,ESW1-73e",4.43734300523214,15.6624058031393,0.143734300523214,2.47105218659249,5.18225508816213,0.838095170994106,0.964527490166767,5.32598938868535,2.71120290156964,6.78225401666667,23.9391939148611,0.219690597708333,3.77687809983334,7.92081440304167,1.28098601643403,1.47423141205347,8.14050500075,4.14393630320833,24483.3,"NA, NA","NA, NA","NA, NA","NA, NA","NA, NA","NA, NA","NA, NA","TRUE, TRUE","NA, NA","SW1","WY17","2017-01-22 08:42:59","2017-01-25 01:52:00","2017-01-22 08:42:59","2017-01-25 05:44:59",0.37,"2017-01-22 08:42:59","2017-01-25 04:46:00",0.027,68.0502777777778,0.000396765463444104,0.108,0.054,0.036,0.018,0.009,13.1822836198668,0.00237281105157603,6.02091448051393,0.00108376460649251,0.018,0.045,0.198,0.198,287,231.5,287,188.666666666667,287,117.524285714286,287,63.5442857142857,287,0.385663406243604,0.922639548840489,6.7,0.6,0.42913409,2.5196864,0.787402,-3.149608,"after","after (alfalfa)",173,471
188,"ESW1-74",7,13.2,0.05,1.87,3.68,0.595,0.715,3.73,1.81,1.86121684097222,3.50972318583333,0.0132944060069444,0.497210784659722,0.978468282111111,0.158203431482639,0.190110005899306,0.991762688118056,0.481257497451389,4259.1,NA,NA,NA,NA,NA,NA,NA,"TRUE",NA,"SW1","WY17","2017-02-14 11:15:00","2017-02-14 20:01:00","2017-02-14 11:15:00","2017-02-14 20:01:00",0.39,"2017-02-14 11:15:00","2017-02-14 11:16:00",0,0.0166666666666667,0,0,0,0,0,0,0,0,0,0,0,0,0,0,44.4,32.95,44.4,26.7,44.4,17.7857142857143,44.4,16.2357142857143,44.4,0.711656622281772,0.70252747416916,7.2,-1.6,0,0,0,-1.181103,"after","after (alfalfa)",196,494
189,"ESW1-75",31,5.5,0.05,1.34,2.7,0.447,0.591,2.75,1.36,16.0240808333333,2.84298208333333,0.0258452916666667,0.692653816666667,1.39564575,0.2310569075,0.3054913475,1.42149104166667,0.702991933333333,8280,NA,NA,NA,NA,NA,NA,NA,"TRUE",NA,"SW1","WY17","2017-02-17 11:30:00","2017-02-17 21:45:00","2017-02-17 11:30:00","2017-02-17 21:45:00",0.56,"2017-02-17 11:30:00","2017-02-17 11:31:00",0,0.0166666666666667,0,0,0,0,0,0,0,0,0,0,0,0,0,0,46.1,51.1,56.1,58.7333333333333,74,38.4,74,25.0285714285714,74,0.746972087696554,0.664855397964288,11.1,-2.1,0,0,0,0,"after","after (alfalfa)",199,497
190,"ESW1-76",31,9.8,0.05,1.3,2.73,0.446,0.589,2.78,1.43,20.0016524923611,6.32310304597222,0.0322607298263889,0.838778975486111,1.76143584852083,0.287765710051389,0.380031397354861,1.79369657834722,0.922656873034722,10335.3,NA,NA,NA,NA,NA,NA,NA,"TRUE",NA,"SW1","WY17","2017-02-18 07:45:00","2017-02-18 21:17:59","2017-02-18 07:45:00","2017-02-18 21:17:59",0.53,"2017-02-18 07:45:00","2017-02-18 07:46:00",0,0.0166666666666667,0,0,0,0,0,0,0,0,0,0,0,0,0,0,73.4,59.75,73.4,58.5333333333333,73.4,47.1,74,29.2928571428571,74,0.758305808478558,0.651898995878718,13.9,3.3,0,0,0,0,"after","after (alfalfa)",200,498
191,"ESW1-77a,ESW1-77b",14,38.8865007091907,0.05,0.810384813040886,3.49538327132197,0.241557567784242,0.465672908915247,3.54538327132197,2.68499845828109,12.7551758347222,35.4288681530556,0.0455541994097222,0.7383286274375,3.18458773110416,0.220079232235417,0.424267131048611,3.23014193051389,2.44625910366667,14594.1,"NA, NA","NA, NA","NA, NA","NA, NA","NA, NA","NA, NA","NA, NA","TRUE, TRUE","NA, NA","SW1","WY17","2017-02-19 08:30:00","2017-02-21 21:36:00","2017-02-19 08:30:00","2017-02-21 21:36:00",0.21,"2017-02-19 08:30:00","2017-02-21 02:01:00",0.198,41.5166666666667,0.00476916900843035,0.216,0.216,0.18,0.144,0.099,86.4938326324475,0.124551118990724,95.7316671493202,0.137853600695021,0,0,0,0,139,106.2,139,86.1666666666667,139,64.9285714285714,139,38.3142857142857,139,0.769414826883935,0.63874942205153,15,0,0.21259854,0,0,0,"after","after (alfalfa)",201,499
194,"ESW1-78a,ESW1-78b",15.9757864303447,42.6230916690236,0.25288645862795,0.447020521039565,2.73163885484428,0.311212312623739,0.477327770968857,2.98452531347224,2.28461833380472,19.0418182909723,50.8032058452778,0.301419777638889,0.532811550222222,3.25588796127778,0.3709393795875,0.568935289643056,3.55730773891667,2.72307641105556,19092.6,"NA, NA","NA, NA","NA, NA","NA, NA","NA, NA","NA, NA","NA, NA","FALSE, FALSE","NA, NA","SW1","WY17","2017-02-28 00:29:59","2017-03-01 07:18:00","2017-02-28 00:29:59","2017-03-01 07:18:00",0.62,"2017-02-28 00:29:59","2017-03-01 03:07:00",0.324,26.6169444444444,0.0121726970079628,0.216,0.162,0.144,0.108,0.072,132.687097675389,0.14330206548942,147.33468434641,0.159121459094123,0,0,0.036,0.198,96.7,73.45,96.7,67.1666666666667,96.7,102.6,223,104.485714285714,223,0.8587639582758,0.512371412128428,5,-7.1,0.6299216,5.905515,0.5905515,-3.149608,"after","after (alfalfa)",210,508
195,"ESW1-79a",4,33,0.2,0.44,2.24,0.34,0.454,2.44,1.8,4.94236890555556,40.7745434708333,0.247118445277778,0.543660579611111,2.76772658711111,0.420101356972222,0.560958870780556,3.01484503238889,2.2240660075,19792.2,NA,NA,NA,NA,NA,NA,NA,"FALSE",NA,"SW1","WY17","2017-03-05 13:59:59","2017-03-07 00:09:00","2017-03-05 13:59:59","2017-03-07 00:09:00",0.55,"2017-03-05 13:59:59","2017-03-06 16:13:00",0.009,26.2169444444444,0.000343289433254575,0.108,0.054,0.036,0.018,0.009,7.57481557866821,0.00136346680416028,7.44680101051262,0.00134042418189227,0,0,0.324,0.522,37.7,41.45,45.2,49.1333333333333,64.5,104.471428571429,300,118.471428571429,300,0.899630869652242,0.436651231956068,15,-0.5,0.18110246,0,1.70603766666667,-5.118113,"after","after (alfalfa)",215,513
196,"ESW1-79b",215,28,0.05,0.4,3.19,0.325,0.701,3.24,2.79,78.9217819444444,10.2781855555556,0.0183539027777778,0.146831222222222,1.17097899722222,0.119300368055556,0.257321716944444,1.1893329,1.024147775,5880,NA,NA,NA,NA,NA,NA,NA,"FALSE",NA,"SW1","WY17","2017-03-07 00:09:00","2017-03-07 12:45:00","2017-03-07 00:09:00","2017-03-07 12:45:00",0.67,"2017-03-07 00:09:00","2017-03-07 01:39:00",0.172,1.5,0.114666666666667,0.444,0.276,0.216,0.182,0.145,107.07999498712,0.194885590876558,118.899221771155,0.216396583623502,0.009,0.009,0.333,0.369,416,277,416,197.233333333333,416,162.628571428571,416,132.614285714286,416,0.914127988185332,0.405425728360002,15,1.7,0.14173236,0,0,0,"after","after (alfalfa)",217,515
198,"ESW1-80a",91,55.6,1,0.17,2.9,0.339,0.59,3.9,2.73,27.2856984652778,16.6712619194444,0.299842840277778,0.0509732828472222,0.869544236805555,0.101646722854167,0.176907275763889,1.16938707708333,0.818570953958333,4803,NA,NA,NA,NA,NA,NA,NA,"FALSE",NA,"SW1","WY17","2017-03-24 18:15:00","2017-03-25 15:15:00","2017-03-24 18:15:00","2017-03-25 15:15:00",0.21,"2017-03-24 15:00:00","2017-03-25 05:53:00",0.504,14.8833333333333,0.0338633818589026,0.324,0.27,0.216,0.144,0.099,213.597146872758,0.307579891496771,254.796405405344,0.366906823783696,0,0,0,0,24.3,21.8,24.3,21.3666666666667,24.3,19.8142857142857,24.3,19.3357142857143,27.3,0.992222209417932,0.124479263886793,5,1.7,0.68110273,0,0,0,"after","after (alfalfa)",234,532
199,"ESW1-80b,ESW1-80c",168.019729325951,37.0081773442306,1.67584585640214,0.267053563582037,3.23164469637051,0.322908361894718,0.650749516653484,4.90749055277265,2.96459113278847,143.227601968055,31.5474409790278,1.42856665847222,0.227648512840278,2.75479982101389,0.275261664300695,0.554728263913195,4.18336647948611,2.52715130817361,13654.8,"NA, NA","NA, NA","NA, NA","NA, NA","NA, NA","NA, NA","NA, NA","FALSE, FALSE","NA, NA","SW1","WY17","2017-03-25 15:15:00","2017-03-27 08:15:00","2017-03-25 15:15:00","2017-03-27 14:15:00",0.62,"2017-03-25 15:15:00","2017-03-26 20:54:00",0.423,29.65,0.0142664418212479,0.324,0.216,0.252,0.216,0.135,181.343117838191,0.391701134530493,191.650049866363,0.413964107711344,0.486,0.504,0.504,0.504,96.2,60.25,96.2,46.6,96.2,31.4,96.2,24.2571428571429,96.2,0.994217906893952,0.107381346664164,6.7,1.7,0.42126007,0,0,0,"after","after (alfalfa)",235,533
200,"ESW1-81",33,38.3,0.05,0.07,2.36,0.264,0.43,2.41,2.29,10.687140475,12.4035600058333,0.0161926370833333,0.0226696919166667,0.764292470333333,0.0854971238,0.139256678916667,0.780485107416667,0.741622778416667,5187.6,NA,NA,NA,NA,NA,NA,NA,"FALSE",NA,"SW1","WY17","2017-03-30 04:59:59","2017-03-31 03:15:00","2017-03-30 04:59:59","2017-03-31 03:15:00",0.25,"2017-03-29 23:12:00","2017-03-30 21:09:00",0.405,21.95,0.0184510250569476,0.108,0.108,0.108,0.09,0.09,154.887984140242,0.139399185726218,168.766302906771,0.151889672616094,0,0,0.927,0.927,98.9,85.65,98.9,94.1,111,123.114285714286,298,70.7928571428571,298,0.999768501979891,0.021516097436229,11.1,0,0.33858286,0.1181103,0,0,"after","after (alfalfa)",240,538
201,"ESW1-82",75,34.3,0.05,0.08,2.45,0.269,0.468,2.5,2.37,31.9400047395833,14.6072288342361,0.0212933364930556,0.0340693383888889,1.04337348815972,0.114558150332639,0.199305629575,1.06466682465278,1.00930414977083,6821.7,NA,NA,NA,NA,NA,NA,NA,"FALSE",NA,"SW1","WY17","2017-04-03 21:29:59","2017-04-04 14:44:59","2017-04-03 21:29:59","2017-04-04 14:44:59",0.26,"2017-04-03 19:22:00","2017-04-04 10:08:00",0.369,14.7666666666667,0.0249887133182844,0.108,0.108,0.072,0.072,0.054,137.99822847073,0.0993587244989256,155.233311158332,0.111767984033999,0,0,0.405,1.332,113,81.9,113,72.8666666666667,113,92.4,177,98.3642857142857,298,0.997917160865393,-0.0645084494493103,16.7,3.3,0.36220492,0,0,0,"after","after (alfalfa)",244,542
202,"ESW1-83",1068,17.3,0.1,0.37,6.7,0.337,2.02,6.8,6.33,331.813316241667,5.37487862451389,0.0310686625694444,0.114954051506944,2.08160039215278,0.104701392859028,0.627586983902778,2.11266905472222,1.96664634064583,4976.7,NA,NA,NA,NA,NA,NA,NA,"FALSE",NA,"SW1","WY17","2017-04-15 03:11:00","2017-04-15 10:59:59","2017-04-15 03:11:00","2017-04-15 10:59:59",1.16,"2017-04-15 00:55:00","2017-04-15 06:14:00",0.723,5.31666666666667,0.135987460815047,0.78,0.6,0.544,0.434,0.29,483.770799457853,2.09956526964708,516.395730468224,2.24115747023209,0,0,0,0.369,66.8,43.45,66.8,35.7333333333333,66.8,29.8285714285714,66.8,49.0785714285714,121,0.967937783024065,-0.251190063884818,23.3,10,1.181103,0,0,0,"after","after (alfalfa)",256,554
203,"ESW1-84",2062,12.1,0.05,0.25,10.8,0.309,3.21,10.85,10.55,1922.71844685,11.2826834175,0.04662265875,0.23311329375,10.07049429,0.288128031075,2.99317469175,10.11711694875,9.83738099625,14936.4,NA,NA,NA,NA,NA,NA,NA,"FALSE",NA,"SW1","WY17","2017-04-15 23:57:59","2017-04-16 07:59:59","2017-04-15 23:57:59","2017-04-16 07:59:59",2.55,"2017-04-15 23:10:00","2017-04-16 02:36:00",0.729,3.43333333333333,0.212330097087379,2.328,1.782,1.296,0.738,0.414,560.483990700153,4.13637185136713,583.894630066778,4.30914236989282,0.723,0.723,0.723,1.092,169,117.9,169,85.3,169,49.7285714285714,169,57.2357142857143,169,0.96347054856415,-0.267814305162169,23.3,7.8,1.20078805,0,0,0,"after","after (alfalfa)",256,554
204,"ESW1-85",1156,11.7,0.05,0.29,6.71,0.328,2.04,6.76,6.42,779.534000683333,7.88974723875,0.0337168685416667,0.195557837541667,4.52480375829167,0.221182657633333,1.3756482365,4.55852062683333,4.32924592075,10801.8,NA,NA,NA,NA,NA,NA,NA,"FALSE","Ennis, Ryan Patrick:Event lasted longer than first thought due to tunneling under flume","SW1","WY17","2017-04-20 01:25:59","2017-04-20 08:44:59","2017-04-20 01:25:59","2017-04-20 12:29:59",1.72,"2017-04-20 00:22:00","2017-04-20 06:22:00",0.853,6,0.142166666666667,1.128,0.726,0.556,0.42,0.385,632.551438070733,2.65671603989708,651.952271394585,2.73819953985726,0,0,1.452,1.452,311,178.6,311,139.6,311,116.957142857143,311,72.7642857142857,311,0.942761143390421,-0.333468778918187,8.9,5,0.96850446,0,0,0,"after","after (alfalfa)",261,559
205,"ESW1-86",182,23.3,0.05,0.16,2.75,0.381,0.765,2.8,2.59,111.934422473611,14.3300661738194,0.0307512149652778,0.0984038878888889,1.69131682309028,0.234324258035417,0.47049358896875,1.72206803805556,1.59291293520139,9851.7,NA,NA,NA,NA,NA,NA,NA,"FALSE",NA,"SW1","WY17","2017-04-27 03:51:00","2017-04-27 21:45:00","2017-04-27 03:51:00","2017-04-27 21:45:00",0.61,"2017-04-27 00:25:00","2017-04-27 14:20:00",0.909,13.9166666666667,0.0653173652694611,0.216,0.216,0.216,0.18,0.153,429.561267461425,0.773210281430565,524.988168207895,0.944978702774212,0,0,0.844,2.305,108,67.5,108,55.6,108,77.4142857142857,203,97.1857142857143,311,0.895839290734909,-0.444378178104613,10.6,3.3,0.90944931,0,0,0,"after","after (alfalfa)",268,566
206,"ESW1-87a",582,14.2,0.05,0.15,4.06,0.309,1.26,4.11,3.91,812.915835360675,19.8340289727175,0.069838130185625,0.209514390556875,5.67085617107275,0.431599644547163,1.75992088067775,5.74069430125838,5.46134178051588,22373.8902,NA,NA,NA,NA,NA,NA,NA,"FALSE",NA,"SW1","WY17","2017-05-01 00:00:00","2017-05-01 15:04:00","2017-05-01 00:00:00","2017-05-01 15:04:00",2.05,"2017-04-30 22:58:00","2017-05-01 15:01:00",0.81,16.05,0.0504672897196262,0.54,0.486,0.432,0.396,0.324,533.493320501837,2.11263354918727,573.762083788219,2.27209785180135,0,0,0.909,1.762,360,202.7,360,156.5,360,113.328571428571,360,113.371428571429,360,0.863142128049913,-0.504961054721518,13.3,3.9,0.6299216,0,0,0,"after","after (alfalfa)",272,570
207,"ESW1-87b",57,28.7,0.05,0.08,2.37,0.28,0.498,2.42,2.29,11.6275087143875,5.85455263338458,0.0101995690477083,0.0163193104763333,0.483459572861375,0.0571175866671667,0.101587707715175,0.493659141909083,0.467140262385042,3267.6138,NA,NA,NA,NA,NA,NA,NA,"FALSE",NA,"SW1","WY17","2017-05-01 15:04:59","2017-05-02 11:44:59","2017-05-01 15:04:59","2017-05-02 11:44:59",0.11859,"2017-05-01 15:01:00","2017-05-02 03:02:00",0.218,12.0166666666667,0.0181414701803051,0.672,0.444,0.368,0.184,0.092,118.640838118436,0.218299142137923,115.4186194619,0.212370259809895,0.801,0.801,1.71,2.563,360,202.7,360,156.5,360,113.328571428571,360,113.371428571429,360,0.863142128049913,-0.504961054721518,13.3,3.9,0.66141768,0,0,0,"after","after (alfalfa)",272,570
208,"ESW1-88",1640,14.7,0.9,0.3,6.8,0.34,2.11,7.7,6.5,1370.20874951572,12.2817491572446,0.75194382595375,0.250647941984583,5.68135335165056,0.284067667582528,1.76289052529157,6.43329717760431,5.43070540966597,13383.2562,NA,NA,NA,NA,NA,NA,NA,"FALSE",NA,"SW1","WY17","2017-06-03 20:57:59","2017-06-04 09:45:00","2017-06-03 20:57:59","2017-06-04 09:45:00",2.874,"2017-06-03 20:52:00","2017-06-04 00:01:00",1.01,3.15,0.320634920634921,5.208,4.254,3.572,1.84,0.947,1033.99038567667,19.0254230964507,1015.02727339211,18.6765018304149,0,0,0,0,238,130.35,238,89.8966666666667,238,46.27,238,36.8778571428571,238,0.440518784350501,-0.897743393534231,30,14.4,0.48818924,0,0,0,"after","after (alfalfa)",305,603
209,"ESW1-89a,ESW1-89b",591.313366658529,18.0660933995665,0.2,0.142907231887596,3.01374128325652,0.290729530700281,0.949663323576393,3.21374128325652,2.87083405136892,552.111474653469,16.8683781400498,0.18674073876375,0.133433010286861,2.81394136839067,0.271455236717045,0.88670415310747,3.00068210715442,2.68050835810381,14956.4313,"NA, NA","NA, NA","NA, NA","NA, NA","NA, NA","NA, NA","NA, NA","FALSE, FALSE","NA, NA","SW1","WY17","2017-06-22 01:41:59","2017-06-22 14:37:59","2017-06-22 01:41:59","2017-06-22 14:37:59",1.626,"2017-06-22 00:51:00","2017-06-22 05:23:00",1.191,4.53333333333333,0.262720588235294,3.816,2.532,1.76,1.268,0.688,1183.84905182404,15.0112059771288,1135.10279861578,14.3931034864481,0,0,0,0,87.3,51.05,87.3,40.4666666666667,87.3,31.1,87.3,28.2971428571429,87.3,0.145799196919877,-0.989314203970366,25,16.1,0.55905542,0,0,0,"after","after (alfalfa)",18,622
210,"ESW1-90",60,23,0.05,0.08,2.11,0.406,0.547,2.16,2.03,76.7149060524583,29.4073806534424,0.0639290883770486,0.102286541403278,2.69780752951145,0.519104197621635,0.699384226844912,2.7617366178885,2.59552098810817,20480.8233,NA,NA,NA,NA,NA,NA,NA,"FALSE",NA,"SW1","WY17","2017-06-22 17:06:59","2017-06-23 13:14:59","2017-06-22 17:06:59","2017-06-23 13:14:59",1.133,"2017-06-22 14:38:00","2017-06-23 06:20:00",0.878,15.7,0.0559235668789809,1.02,0.564,0.412,0.298,0.185,487.07732287083,1.45149042215507,545.746497865156,1.62632456363816,1.191,1.191,1.191,1.191,87.3,51.05,87.3,40.4666666666667,87.3,31.1,87.3,28.2971428571429,87.3,0.145799196919877,-0.989314203970366,25.6,15.6,0.57086645,0,0,0,"after","after (alfalfa)",18,622
211,"ESW1-91",1963,1.9,1.4,0.11,9.73,0.549,3.32,11.13,9.62,1725.07612340174,1.66971198902868,1.23031409717903,0.0966675362069236,8.55068297539424,0.482458885250919,2.91760200188169,9.78099707257327,8.45401543918732,14076.8949,NA,NA,NA,NA,NA,NA,NA,"FALSE",NA,"SW1","WY17","2017-07-07 18:00:00","2017-07-08 03:15:00","2017-07-07 18:00:00","2017-07-08 03:15:00",2.765,"2017-07-07 16:45:00","2017-07-07 20:33:00",1.385,3.8,0.364473684210526,2.58,2.328,2.212,1.692,1.045,1384.11871094462,23.419288589183,1323.16273772715,22.3879135223433,0,0,0,0,12.8,11.125,12.8,11.1166666666667,12.8,14.3928571428571,19.9,40.0678571428571,239,-0.111659007121688,-0.993746580436179,27.8,10.6,0.18110246,0,0,0,"after","after (alfalfa)",4,637
212,"ESW1-92",294,10.6,0.1,0.15,2.52,0.478,0.994,2.62,2.37,55.5099161453375,2.00137792904958,0.0188809238589583,0.0283213857884375,0.47579928124575,0.0902508160458208,0.187676383158046,0.494680205104708,0.447477895457313,3024.4203,NA,NA,NA,NA,NA,NA,NA,"FALSE",NA,"SW1","WY17","2017-07-15 20:53:59","2017-07-16 03:15:00","2017-07-15 20:53:59","2017-07-16 03:15:00",0.4332,"2017-07-15 20:40:00","2017-07-15 21:26:00",0.793,0.766666666666667,1.03434782608696,3.324,2.652,2.3,1.46,0.793,807.400712850691,11.7880504076201,777.414932734868,11.3502580179291,0,0,0,1.385,112,64.3,112,48.8666666666667,112,42.8142857142857,112,71.2821428571429,493,-0.263665492728006,-0.964614175691244,28.3,12.2,0.87007921,0,0,0,"after","after (alfalfa)",12,645
213,"ESW1-93a,ESW1-93b",723.981853445807,5.66524936254594,0.05,0.0785391547882625,3.88964590143212,0.667921690423475,1.50167914977158,3.93964590143212,3.81110674664386,892.464083165218,6.98364407088743,0.0616358047454861,0.0968164801880972,4.79482910619501,0.823357817924327,1.85114405731378,4.8564649109405,4.69801262600692,19746.129,"NA, NA","NA, NA","NA, NA","NA, NA","NA, NA","NA, NA","NA, NA","FALSE, FALSE","NA, NA","SW1","WY17","2017-08-03 11:15:59","2017-08-04 04:14:59","2017-08-03 11:15:59","2017-08-04 04:14:59",2.055,"2017-08-03 09:57:00","2017-08-03 16:41:00",1.617,6.73333333333333,0.240148514851485,3.792,2.88,2.54,1.664,0.987,1442.18431847437,23.9979470594136,1431.42530199248,23.8189170251549,0,0,0,0,5.64,5.245,5.64,5.26333333333333,5.64,8.08857142857143,16.7,20.5014285714286,64.6,-0.545240438540648,-0.838279705217776,20,11.7,1.20078805,0,0,0,"after","after (alfalfa)",1,664
214,"ESW1-94",178,15.6,0.05,0.07,2.64,0.564,0.92,2.69,2.57,75.5457452902333,6.62086307038,0.0212207149691667,0.0297090009568333,1.120453750372,0.2393696648522,0.390461155432667,1.14167446534117,1.09074474941517,6798.4344,NA,NA,NA,NA,NA,NA,NA,"FALSE","Ennis, Ryan Patrick:Event started at 8:05","SW1","WY17","2017-08-04 07:59:59","2017-08-04 22:14:59","2017-08-04 07:59:59","2017-08-04 22:14:59",0.7549,"2017-08-04 07:00:00","2017-08-04 11:56:00",0.348,4.93333333333333,0.0705405405405405,1.248,0.954,0.744,0.444,0.267,246.795167567991,1.09577054400188,248.099984645703,1.10156393182692,1.617,1.617,1.617,1.617,58.8,32.22,58.8,23.0966666666667,58.8,14.1028571428571,58.8,23.5728571428571,64.6,-0.559589262410176,-0.828770087174504,20,11.7,0.5905515,0,0,0,"after","after (alfalfa)",2,665
