"","unique_storm_id","Suspended_Sediment_mg_L","Chloride_mg_L","NO2_NO3_N_mg_L","Ammonium_N_mg_L","TKN_Unfiltered_mg_L","Dissolved_Reactive_Phosphorus_mg_L","TP_Unfiltered_mg_L","Total_Nitrogen_computed_mg_L","Organic_Nitrogen_computed_mg_L","Suspended_Sediment_Load_pounds","Chloride_Load_pounds","NO2_NO3_N_Load_pounds","Ammonium_N_Load_pounds","TKN_Unfiltered_Load_pounds","Dissolved_Reactive_Phosphorus_Load_pounds","TP_Unfiltered_Load_pounds","Total_Nitrogen_load_pounds","Organic_Nitrogen_Load_pounds","sum_runoff","Flag_Suspended_Sediment","Flag_Chloride","Flag_NO2_NO3_N_","Flag_Ammonium_N_","Flag_TKN_Unfiltered","Flag_Dissolved_Reactive_Phosphorus_","Flag_TP_Unfiltered","frozen","comments","site","water_year","sample_start","sample_end","storm_start","storm_end","peak_discharge"
"1","32",11906,8.5,7,0.03,30.4,0.148,9.52,37.4,30.37,25340.65277288,18.09134458,14.89875436,0.0638518044,64.703161792,0.31500223504,20.2623059296,79.601916152,64.6393099876,34093.44,"HT","NA","NA","NA","NA","NA","NA","FALSE","Komiskey, Matthew J.:times were off on split, not split correctly","SW1","WY12","2012-05-02 23:57:00","2012-05-03 09:49:59","2012-05-02 23:55:59","2012-05-03 09:49:59",8.0948
"2","EST1-11",115,35.3,7.2,0.14,4.44,1.144,1.767,11.64,4.3,62.4008722,19.154354684,3.906837216,0.0759662792,2.4092162832,0.62075302432,0.95880296676,6.3160534992,2.333250004,8691.84,"HT","NA","NA","NA","NA","NA","NA","FALSE","NA","SW1","WY12","2012-08-09 07:41:59","2012-08-10 15:45:00","2012-08-09 07:39:59","2012-08-10 16:00:00",0.4199
"3","SW1-1",275,13.4,2.7,0.57,3.21,0.298,0.731,5.91,2.64,26.8476395,1.308212252,0.263595006,0.0556478346,0.3133851738,0.02909307844,0.07136590718,0.5769801798,0.2577373392,1563.84,"NA","NA","NA","NA","NA","NA","NA","TRUE","NA","SW1","WY12","2012-01-31 12:00:00","2012-01-31 20:15:00","2012-01-31 12:00:00","2012-01-31 21:00:00",0.0903
"4","SW1-10",8700,14.8,4,0.19,26.4,0.188,14.76,30.4,26.21,6968.51991,11.85449364,3.2039172,0.152186067,21.14585352,0.1505841084,11.822454468,24.34977072,20.993667453,12830.4,"HT","NA","NA","NA","NA","NA","NA","FALSE","Komiskey, Matthew J.:times were off on split, split incorrectly","SW1","WY12","2012-05-06 09:20:00","2012-05-07 18:15:00","2012-05-06 09:15:00","2012-05-07 18:29:59",1.426
"5","SW1-1042",7,43.5,2.7,0.27,1.34,0.43,0.471,4.04,1.07,6.2109607,38.59668435,2.39565627,0.239565627,1.188955334,0.381530443,0.4179089271,3.584611604,0.949389707,14212.8,"NA","NA","NA","NA","NA","NA","NA","TRUE","Komiskey, Matthew J.:Sampler head was not reset properly for this event. Got one sample on the tail end. See what it looks like to use for the estimate.","SW1","WY16","2016-02-29 18:54:00",NA,"2016-02-27 12:29:59","2016-02-29 20:12:59",0.222
"6","SW1-1054",34,33.2,2.1,0.45,1.52,0.327,0.425,3.62,1.07,0.78857356,0.770018888,0.048706014,0.010437003,0.0352538768,0.00758422218,0.0098571695,0.0839598908,0.0248168738,371.52,"NA","NA","NA","NA","NA","NA","NA","TRUE","NA","SW1","WY16","2016-03-06 17:53:59",NA,"2016-03-06 13:59:59","2016-03-06 19:59:59",0.0334
"7","SW1-11",839,347,118,9.6,34.7,1.23,3.63,152.7,25.1,71.04875174,29.38488302,9.99255388,0.812953536,2.938488302,0.1041596718,0.3073980558,12.931042182,2.125534766,1356.48,"HT","NA","NA","NA","NA","NA","NA","FALSE","NA","SW1","WY12","2012-06-18 17:46:59","2012-06-19 06:15:00","2012-06-18 17:46:00","2012-06-19 06:29:59",0.1564
"8","SW1-12",2881,17.2,6.1,0.44,9.8,0.337,3.07,15.9,9.36,130.53211752,0.779296224,0.276378312,0.0199354848,0.444017616,0.01526876904,0.1390953144,0.720395928,0.4240821312,725.76,"NA","NA","NA","NA","NA","Q","NA","FALSE","NA","SW1","WY12","2012-07-17 15:42:59","2012-07-17 17:12:00","2012-07-17 15:38:59","2012-07-17 17:15:00",0.7549
"9","SW1-1284",2690,3.4,0.6,0.71,12.6,0.405,3.6,13.2,11.89,30.4695762,0.038511732,0.006796188,0.0080421558,0.142719948,0.0045874269,0.040777128,0.149516136,0.1346777922,181.44,"NA","NA","NA","NA","NA","NA","NA","FALSE","NA","SW1","WY16","2016-09-13 04:20:00",NA,"2016-09-13 04:16:00","2016-09-13 04:23:00",1.36
"10","SW1-1286",2220,1.3,0.5,0.39,9.3,0.418,3,9.8,8.91,58.6737564,0.034358506,0.01321481,0.0103075518,0.245795466,0.01104758116,0.07928886,0.259010276,0.2354879142,423.36,"NA","NA","NA","NA","NA","NA","NA","FALSE","NA","SW1","WY16","2016-09-13 04:25:00",NA,"2016-09-13 04:23:00","2016-09-13 04:25:59",3.036
"11","SW1-1287",1950,1,0.3,0.32,8.51,0.419,2.8,8.81,8.19,185.115216,0.09493088,0.028479264,0.0303778816,0.8078617888,0.03977603872,0.265806464,0.8363410528,0.7774839072,1520.64,"NA","NA","NA","NA","NA","NA","NA","FALSE","NA","SW1","WY16","2016-09-13 04:27:59",NA,"2016-09-13 04:25:59","2016-09-13 04:32:59",3.8
"12","SW1-1288",1400,0.5,0.4,0.22,6.4,0.414,2.3,6.8,6.18,970.34462,0.34655165,0.27724132,0.152482726,4.43586112,0.2869447662,1.59413759,4.71310244,4.283378394,11102.4,"NA","NA","NA","NA","NA","NA","NA","FALSE","NA","SW1","WY16","2016-09-13 04:38:00",NA,"2016-09-13 04:32:59","2016-09-13 07:27:59",3.66
"13","SW1-1290",61,44.5,3.8,0.36,3.86,1.8,2,7.66,3.5,4.4417943,3.24032535,0.27670194,0.026213868,0.281070918,0.13106934,0.1456326,0.557772858,0.25485705,1166.4,"NA","NA","NA","NA","NA","NA","NA","FALSE","NA","SW1","WY16","2016-09-13 10:18:00",NA,"2016-09-13 07:27:59","2016-09-13 13:45:00",0.2116
"14","SW1-13",2988,36.7,6.3,0.4,10.8,0.592,3.09,17.1,10.4,332.00349264,4.077820676,0.700007364,0.044444912,1.200012624,0.06577846976,0.3433369452,1.900019988,1.155567712,1779.84,"NA","NA","NA","NA","NA","NA","NA","FALSE","NA","SW1","WY12","2012-07-25 19:27:00","2012-07-25 23:44:59","2012-07-25 19:27:00","2012-07-25 23:44:59",1.21
"15","SW1-14",1395,55.1,3.2,0.24,8.49,0.974,2.79,11.69,8.25,90.292212,3.56638056,0.20712192,0.015534144,0.549520344,0.0630427344,0.180584424,0.756642264,0.5339862,1036.8,"NA","NA","NA","NA","NA","NA","NA","FALSE","NA","SW1","WY12","2012-07-26 13:56:00","2012-07-26 17:30:00","2012-07-26 13:52:59","2012-07-26 17:30:59",0.5332
"16","SW1-15",903,20.4,0.8,0.08,4.79,0.55,1.64,5.59,4.71,56.49897624,1.276388832,0.050054464,0.0050054464,0.2997011032,0.034412444,0.1026116512,0.3497555672,0.2946956568,1002.24,"NA","NA","NA","NA","NA","NA","NA","FALSE","NA","SW1","WY12","2012-08-04 16:48:59","2012-08-04 19:25:59","2012-08-04 16:47:59","2012-08-04 19:27:00",0.7495
"17","SW1-17",199,26.3,3.5,0.05,3.01,1.06,1.34,6.51,2.96,135.99549754,17.973274298,2.39188061,0.034169723,2.0570173246,0.7243981276,0.9157485764,4.4488979346,2.0228476016,10946.88,"HT","NA","NA","NA","NA","NA","NA","FALSE","NA","SW1","WY13","2012-10-14 04:45:00","2012-10-15 18:29:59","2012-10-14 04:30:00","2012-10-15 18:45:00",0.4864
"18","SW1-18",314,35.9,3.8,0.08,4.05,1.11,1.54,7.85,3.97,141.75877284,16.207452054,1.715552028,0.0361168848,1.828417293,0.5011217766,0.6952500324,3.543969321,1.7923004082,7231.68,"HT","NA","NA","NA","NA","NA","NA","FALSE","NA","SW1","WY13","2012-10-17 21:27:59","2012-10-18 13:12:59","2012-10-17 21:15:00","2012-10-19 15:00:00",0.5574
"19","SW1-19",705,91.6,5.4,1.34,10.1,0.892,2.85,15.5,8.76,68.447322,8.89329744,0.52427736,0.130098456,0.98059284,0.0866028528,0.27670194,1.5048702,0.850494384,1555.2,"HT","NA","NA","NA","NA","NA","NA","FALSE","NA","SW1","WY13","2012-11-11 17:41:00","2012-11-12 10:00:00","2012-11-11 17:30:00","2012-11-12 10:14:59",0.0757
"20","SW1-2",458.597402597403,5.22792207792208,2.50584415584416,0.417857142857143,2.32045454545455,0.113344155844156,0.490831168831169,4.8262987012987,1.9025974025974,76.18634624,0.868509676,0.416293484,0.069418206,0.385494886,0.0188297558,0.08154131088,0.80178837,0.31607668,2661.12,"HT, HT","NA, NA","NA, NA","NA, NA","NA, NA","NA, NA","NA, NA","TRUE, TRUE","NA, NA","SW1","WY12","2012-02-29 04:45:00","2012-02-29 17:15:00","2012-02-29 04:30:00","2012-02-29 17:30:00",0.0804
"21","SW1-20",152,97.2,39.6,0.59,2.9,0.541,0.866,42.5,2.31,159.38031744,101.919518784,41.522766912,0.6186472848,3.040808688,0.56726810352,0.90804838752,44.5635756,2.4221614032,16796.16,"NA","NA","NA","NA","NA","NA","NA","TRUE","NA","SW1","WY13","2013-01-10 19:59:59","2013-01-13 14:30:00","2013-01-10 19:54:59","2013-01-13 14:44:59",0.2092
"22","SW1-21",135,11.8,5.6,0.78,3.43,0.739,1,9.03,2.65,122.4042003,10.699033804,5.077507568,0.7072242684,3.1099733854,0.67004965942,0.90669778,8.1874809534,2.402749117,14523.84,"NA","NA","NA","NA","NA","NA","NA","TRUE","NA","SW1","WY13","2013-01-29 01:00:00","2013-01-30 06:45:00","2013-01-29 00:00:00","2013-01-30 08:15:00",0.599
"23","SW1-22",147,4.5,1.1,0.55,1.29,0.173,0.277,2.39,0.74,420.94455774,12.88605789,3.149925262,1.574962631,3.6940032618,0.49539733666,0.79320845234,6.8439285238,2.1190406308,45869.76,"HT","NA","NA","NA","NA","NA","NA","TRUE","NA","SW1","WY13","2013-03-09 21:15:00","2013-03-13 00:35:00","2013-03-09 21:09:59","2013-03-13 00:40:00",0.8837
"24","SW1-23",958.581094418248,21.2846584055269,3.0516723324926,1.129944072815,5.95910516504003,0.506404210988047,1.54847022699857,9.01077749753262,4.82916109222502,4714.88293338,104.690853224,15.009974516,5.5577499448,29.3104917304,2.490802902,7.61631529,44.3204662464,23.7527417856,78788.16,"HT, HT, HT, HT","NA, NA, NA, NA","NA, NA, NA, NA","NA, NA, NA, NA","NA, NA, NA, NA","NA, NA, NA, NA","NA, NA, NA, NA","TRUE, TRUE, TRUE, TRUE","NA, NA, NA, NA","SW1","WY13","2013-03-27 10:00:00","2013-04-07 08:12:00","2013-03-27 10:00:00","2013-04-07 08:12:00",0.7873
"25","SW1-24",1124.95384615385,55.8041187159297,18.6487219866747,0.79529618413083,7.40701393095094,0.550925984251969,1.99723440339188,26.0557359176257,6.61171774682011,5008.94913372,248.47240894,83.034961976,3.5411213946,32.980336162,2.45304306572,8.8928497546,116.015298138,29.4392147674,71323.2,"HT, HT, HT, HT, HT","NA, NA, NA, NA, NA","NA, NA, NA, NA, NA","NA, NA, NA, NA, NA","NA, NA, NA, NA, NA","NA, NA, NA, NA, NA","NA, NA, NA, NA, NA","TRUE, TRUE, TRUE, TRUE, TRUE","NA, NA, NA, NA, NA","SW1","WY13","2013-04-08 09:11:59","2013-04-15 18:00:00","2013-04-08 09:11:59","2013-04-15 18:00:00",1.404
"26","SW1-25",235,83.7,12.2,0.44,3.29,0.502,0.928,15.49,2.85,104.1920346,37.110099132,5.409118392,0.1950829584,1.4586884844,0.22257192072,0.41144769408,6.8678068764,1.263605526,7102.08,"HT","NA","NA","NA","NA","NA","NA","TRUE","Komiskey, Matthew J.:Difficult to define end of frozen ground…went by end of storm, despite soil temp probe being above freezing","SW1","WY13","2013-04-17 13:14:59","2013-04-19 21:29:59","2013-04-17 13:14:59","2013-04-19 21:45:00",0.1235
"27","SW1-26",1094,54.2,19.3,0.32,4.84,0.567,1.65,24.14,4.52,1786.76744816,88.521751088,31.521582952,0.5226376448,7.9048943776,0.92604857688,2.694850356,39.4264773296,7.3822567328,26161.92,"HT","NA","NA","NA","HT","NA","HT","FALSE","NA","SW1","WY13","2013-05-02 17:55:00","2013-05-06 07:59:59","2013-05-02 17:53:00","2013-05-06 08:15:00",0.659
"28","SW1-27",3185,79.4,37.6,0.27,10.6,0.49,3.15,48.2,10.33,1396.6732689,34.818165636,16.488199344,0.1183993038,4.648268964,0.2148728106,1.381325211,21.136468308,4.5298696602,7024.32,"HT","NA","NA","NA","NA","NA","NA","FALSE","NA","SW1","WY13","2013-07-08 06:20:00","2013-07-08 15:15:00","2013-07-08 06:18:59","2013-07-08 15:15:00",2.21
"29","SW1-28",558,17.2,0.7,0.32,4.51,0.623,1.78,5.21,4.19,16.85454624,0.519530816,0.021143696,0.0096656896,0.1362258128,0.01881788944,0.0537653984,0.1573695088,0.1265601232,483.84,"HT","NA","NA","NA","NA","NA","NA","FALSE","NA","SW1","WY14","2013-10-31 23:12:59","2013-11-01 04:59:59","2013-10-31 23:06:59","2013-11-01 05:15:00",0.0616
"30","SW1-29",304,17.3,1.7,0.05,2.94,0.454,1.09,4.64,2.89,24.92367104,1.418353648,0.139375792,0.004099288,0.2410381344,0.03722153504,0.0893644784,0.3804139264,0.2369388464,1313.28,"HT","NA","NA","NA","NA","NA","NA","FALSE","NA","SW1","WY14","2013-11-05 19:45:00","2013-11-06 16:14:59","2013-11-05 19:43:00","2013-11-06 16:30:00",0.0447
"31","SW1-3",2371,17.4,6,0.23,6.6,0.182,2.44,12.6,6.37,794.17825758,5.828216652,2.00972988,0.0770396454,2.210702868,0.06096180636,0.8172901512,4.220432748,2.1336632226,5365.44,"NA","NA","NA","NA","NA","NA","NA","TRUE","NA","SW1","WY12","2012-03-06 21:15:00","2012-03-07 13:50:00","2012-03-06 21:00:00","2012-03-07 13:54:59",0.1947
"32","SW1-30",250,137,0.05,0.76,11.57,0.216,1.81,11.62,10.81,35.733925,19.5821909,0.007146785,0.108631132,1.653766049,0.0308741112,0.258713617,1.660912834,1.545134917,2289.6,"HT","NA","NA","NA","NA","NA","NA","FALSE","NA","SW1","WY14","2013-11-17 10:14:00","2013-11-18 21:15:00","2013-11-17 10:02:00","2013-11-18 21:29:59",0.1147
"33","SW1-31",20.3939213349225,42.3454112038141,1.39410011918951,5.29192789034565,11.099299761621,2.21027115613826,2.78963349225268,12.4933998808105,5.80737187127533,36.91624596,76.651939056,2.523543268,9.5792323798,20.091500465,4.0009428446,5.0496809538,22.615043733,10.5122680852,28995.84,"HT, HT, HT","NA, NA, NA","NA, NA, NA","NA, NA, NA","NA, NA, NA","NA, NA, NA","NA, NA, NA","TRUE, TRUE, TRUE","NA, NA, NA","SW1","WY14","2014-03-10 13:59:59","2014-03-22 10:16:00","2014-03-10 13:45:00","2014-03-22 10:16:00",0.1206
"34","SW1-32",271.058096415328,36.796992171405,1.70140090646889,4.09421920065925,9.12599917593737,1.53217964565307,2.27615986814998,10.8274000824063,5.03177997527812,354.83544804,48.170032094,2.227261834,5.3596410646,11.946619744,2.005738468,2.9796645712,14.173881578,6.5869786794,20969.28,"HT, HT","NA, NA","NA, NA","NA, NA","NA, NA","NA, NA","NA, NA","TRUE, TRUE","NA, NA","SW1","WY14","2014-03-27 11:15:00","2014-03-30 04:30:00","2014-03-27 11:15:00","2014-03-30 04:30:00",0.354
"35","SW1-33",1310.63190329462,62.6018487793316,13.1306944773643,1.53660109030576,9.04377814648021,0.941375207395117,2.4874946669827,22.1744726238445,7.50717705617445,2982.53191528,142.459535336,29.880788992,3.4967573896,20.580421466,2.14223504956,5.6606528612,50.461210458,17.0836640764,36452.16,"HT, HT, HT, HT","NA, NA, NA, NA","NA, NA, NA, NA","NA, NA, NA, NA","HT, HT, HT, HT","NA, NA, NA, NA","HT, HT, HT, HT","FALSE, FALSE, FALSE, FALSE","NA, NA, NA, NA","SW1","WY14","2014-04-12 12:49:59","2014-04-14 22:00:00","2014-04-12 12:45:59","2014-04-14 22:00:00",1.262
"36","SW1-34",1021,51.8,9.4,0.26,7,0.571,1.92,16.4,6.74,720.87543682,36.573308156,6.636855148,0.1835725892,4.94233894,0.40315364782,1.3556129664,11.579194088,4.7587663508,11309.76,"HT","NA","NA","NA","HT","NA","HT","FALSE","NA","SW1","WY14","2014-05-12 05:24:59","2014-05-13 14:30:00","2014-05-12 05:24:59","2014-05-13 14:30:00",0.6996
"37","SW1-35",17155.3112009238,45.280350269438,7.61168206312548,0.466020015396459,42.4382409545805,0.630426481909161,13.6254407236336,50.0499230177059,41.972220939184,48079.79220186,126.903546446,21.332640814,1.3060763072,118.938198358,1.76684490848,38.1869119702,140.270839172,117.6321220508,44893.44,"HT, HT, HT, HT","NA, NA, NA, NA","NA, NA, NA, NA","NA, NA, NA, NA","NA, NA, NA, NA","NA, NA, NA, NA","NA, NA, NA, NA","FALSE, FALSE, FALSE, FALSE","NA, NA, NA, NA","SW1","WY14","2014-06-01 20:46:59","2014-06-03 01:30:00","2014-06-01 20:46:59","2014-06-03 01:30:59",3.516
"38","SW1-36",3054,90.7,19.2,1.05,7.8,0.676,2.09,27,6.75,1238.74442304,36.789168032,7.787784192,0.425894448,3.163787328,0.27419490176,0.8477327584,10.95157152,2.73789288,6497.28,"HT","NA","NA","NA","NA","NA","NA","FALSE","NA","SW1","WY14","2014-06-18 05:15:59","2014-06-18 20:44:59","2014-06-18 05:15:59","2014-06-19 07:59:59",0.3936
"39","SW1-37",167,74.2,39.2,0.83,3.22,0.271,0.647,42.42,2.39,5.58474052,2.481363752,1.310909152,0.0277564948,0.1076818232,0.00906266276,0.02163668932,1.4185909752,0.0799253284,535.68,"HT","NA","NA","NA","NA","NA","NA","FALSE","NA","SW1","WY14","2014-08-12 03:27:00","2014-08-12 11:37:59","2014-08-12 03:22:59","2014-08-12 11:44:59",0.0471
"40","SW1-38",2011,18,2.9,0.67,8.8,0.287,3.15,11.7,8.13,48.8111931,0.4368978,0.07038909,0.016262307,0.21359448,0.0069660927,0.076457115,0.28398357,0.197332173,388.8,"NA","NA","NA","NA","NA","NA","NA","FALSE","NA","SW1","WY14","2014-09-04 20:12:00","2014-09-04 22:59:59","2014-09-04 20:08:59","2014-09-05 01:00:00",0.1275
"41","SW1-39",2103,40.8,6.9,0.31,9.7,0.63,3.14,16.6,9.39,792.88698186,15.382686096,2.601483678,0.1168782522,3.657158214,0.2375267706,1.1838635868,6.258641892,3.5402799618,6039.36,"NA","NA","NA","NA","NA","NA","NA","FALSE","NA","SW1","WY14","2014-09-05 05:35:00","2014-09-05 16:30:00","2014-09-05 05:33:59","2014-09-06 09:00:00",1.383
"42","SW1-4",3978,27.8,10,0.48,15,0.219,5.61,25,14.52,276.78931956,1.934324556,0.6958002,0.0333984096,1.0437003,0.01523802438,0.3903439122,1.7395005,1.0103018904,1114.56,"NA","NA","NA","NA","NA","NA","NA","TRUE","Komiskey, Matthew J.:suspect frost came out after this storm! No soil temp probe in at this point","SW1","WY12","2012-03-07 21:04:59","2012-03-08 05:30:00","2012-03-07 21:00:00","2012-03-08 05:44:59",0.2234
"43","SW1-40",1011.02610669694,50.194551645857,5.05516458569807,0.322088535754824,5.16855845629966,0.57788989784336,1.83427922814983,10.2237230419977,4.84646992054484,480.43331732,23.852138732,2.402182768,0.1530544688,2.45606683,0.27460968498,0.87163808,4.858249598,2.3030123612,7611.84,"HT, HT","NA, NA","NA, NA","NA, NA","NA, NA","NA, NA","NA, NA","FALSE, FALSE","NA, Komiskey, Matthew J.:sampled just after peak, ended sample time early, use 40a to estimate last half of event","SW1","WY14","2014-09-20 03:29:00","2014-09-21 15:08:00","2014-09-20 03:26:00","2014-09-21 15:08:00",0.5732
"44","SW1-41",666,56.5,3.7,0.33,5.7,0.758,2.04,9.4,5.37,147.2831028,12.4947377,0.81823946,0.072978114,1.26053106,0.1676285164,0.451137432,2.07877052,1.187552946,3542.4,"HT","NA","NA","NA","NA","NA","NA","FALSE","NA","SW1","WY15","2014-10-03 04:14:59","2014-10-03 15:45:00","2014-10-03 03:00:00","2014-10-03 21:15:00",0.2276
"45","SW1-42",1086,33.4,9.1,0.12,6.9,0.674,2.39,16,6.78,595.72471356,18.321551964,4.991800086,0.0658259352,3.784991274,0.36972233604,1.3110332094,8.77679136,3.7191653388,8786.88,"HT","NA","NA","NA","NA","NA","NA","FALSE","NA","SW1","WY15","2014-10-13 19:20:00","2014-10-14 04:12:59","2014-10-13 19:18:59","2014-10-14 04:12:59",0.928
"46","SW1-43",3035,74.8,18.8,0.8,16.2,0.256,3.95,35,15.4,45.8365124,1.129677472,0.283929632,0.012082112,0.244662768,0.00386627584,0.059655428,0.5285924,0.232580656,241.92,"NA","NA","NA","NA","NA","NA","NA","FALSE","NA","SW1","WY15","2015-04-09 14:21:00","2015-04-09 16:59:59","2015-04-09 14:21:00","2015-04-09 16:59:59",0.0652
"47","SW1-44",3008,78.4,26.7,0.81,13.9,0.367,3.7,40.6,13.09,76.25538688,1.987507424,0.676867962,0.0205341966,0.352376954,0.00930376562,0.093798182,1.029244916,0.3318427574,406.08,"NA","NA","NA","NA","NA","NA","NA","FALSE","NA","SW1","WY15","2015-04-09 19:18:59","2015-04-09 22:30:00","2015-04-09 19:14:59","2015-04-09 22:45:00",0.1226
"48","SW1-45",901,84.6,30.2,0.99,8.58,0.491,1.69,38.78,7.59,28.67290142,2.692261332,0.961067284,0.0315051858,0.2730449436,0.01562529922,0.0537815798,1.2341122276,0.2415397578,509.76,"NA","NA","NA","NA","NA","NA","NA","FALSE","NA","SW1","WY15","2015-04-10 01:05:59","2015-04-10 04:30:00","2015-04-10 01:00:00","2015-04-10 04:30:00",0.0598
"49","SW1-46",17200,27.1,3.8,3.47,54,1.7,19.4,57.8,50.53,677.245528,1.067055454,0.149624012,0.1366303478,2.12623596,0.066937058,0.763869956,2.275859972,1.9896056122,630.72,"NA","NA","NA","NA","NA","NA","NA","FALSE","NA","SW1","WY15","2015-05-17 16:57:59","2015-05-17 18:00:00","2015-05-17 16:54:00","2015-05-17 18:15:00",0.8292
"50","SW1-47",3760,25.8,8.8,1.06,14,0.623,4.53,22.8,12.94,614.5048464,4.216549212,1.438202832,0.1732380684,2.28804996,0.10181822322,0.7403475942,3.726252792,2.1148118916,2617.92,"NA","NA","NA","NA","NA","NA","NA","FALSE","NA","SW1","WY15","2015-05-24 18:47:59","2015-05-25 03:00:00","2015-05-24 18:45:00","2015-05-25 07:59:59",0.6542
"51","SW1-48",127,86.7,15,0.18,4.2,0.694,1.04,19.2,4.02,25.61947124,17.489828004,3.0259218,0.0363110616,0.847258104,0.13999931528,0.2097972448,3.873179904,0.8109470424,3231.36,"NA","NA","NA","NA","NA","NA","NA","FALSE","NA","SW1","WY15","2015-05-30 05:32:00","2015-05-30 19:30:00","2015-05-30 04:00:00","2015-05-31 00:45:00",0.2129
"52","SW1-49",92,85.4,25.1,0.25,3.5,0.703,1.06,28.6,3.25,50.01994368,46.431556416,13.646745504,0.13592376,1.90293264,0.38221761312,0.5763167424,15.549678144,1.76700888,8709.12,"NA","NA","NA","NA","NA","NA","NA","FALSE","NA","SW1","WY15","2015-06-11 22:30:00","2015-06-12 16:14:59","2015-06-11 22:27:00","2015-06-12 21:00:00",0.5442
"53","SW1-5",1231.41176470588,45.1294117647059,17.3294117647059,0.13,5.23058823529412,0.154058823529412,1.40276470588235,22.56,5.10058823529412,237.11899932,8.690059056,3.336928308,0.0250326258,1.0071950616,0.02966536062,0.27011449206,4.3441233696,0.9821624358,3084.48,"HT, HT, HT","NA, NA, NA","NA, NA, NA","NA, NA, NA","NA, NA, NA","NA, NA, NA","NA, NA, NA","FALSE, FALSE, FALSE","Komiskey, Matthew J.:Lab may of split this wrong!, NA, NA","SW1","WY12","2012-03-12 01:39:59","2012-03-13 03:29:59","2012-03-12 01:34:59","2012-03-13 03:45:00",0.1245
"54","SW1-50",1210,49.6,10.9,0.15,4.9,0.526,1.7,15.8,4.75,1024.660186,42.00259936,9.23040994,0.12702399,4.14945034,0.4454307916,1.43960522,13.37986028,4.02242635,13564.8,"NA","NA","NA","NA","NA","NA","NA","FALSE","Komiskey, Matthew J.:NRCS signed off on Waterway completion","SW1","WY15","2015-06-15 15:47:00","2015-06-16 07:00:00","2015-06-15 15:45:59","2015-06-16 13:00:00",1.66
"55","SW1-51",513,3.3,0.05,0.11,2.3,0.605,1.22,2.35,2.19,16.87881834,0.108577194,0.001645109,0.0036192398,0.075675014,0.0199058189,0.0401406596,0.077320123,0.0720557742,527.04,"NA","NA","NA","NA","NA","NA","NA","FALSE","NA","SW1","WY15","2015-09-08 09:06:59","2015-09-08 13:00:00","2015-09-08 08:53:59","2015-09-08 13:00:00",0.2262
"56","SW1-52",222,7.7,0.8,0.09,1.83,0.733,1.12,2.63,1.74,14.12959848,0.490080668,0.050917472,0.0057282156,0.1164737172,0.04665313372,0.0712844608,0.1673911892,0.1107455016,1019.52,"NA","NA","NA","NA","NA","NA","NA","FALSE","NA","SW1","WY15","2015-09-19 00:56:59","2015-09-19 05:15:00","2015-09-19 00:56:59","2015-09-19 05:15:00",0.2416
"57","SW1-53",35,80.2,9.6,0.25,2.7,0.971,1.1,12.3,2.45,17.368036,39.79761392,4.76380416,0.1240574,1.33981992,0.4818389416,0.54585256,6.10362408,1.21576252,7948.8,"NA","NA","NA","NA","NA","NA","NA","FALSE","NA","SW1","WY16","2015-11-26 15:06:00","2015-11-28 01:59:59","2015-11-26 15:02:59","2015-11-28 01:59:59",0.1859
"58","SW1-54",36,79.2,18.2,0.1,1.9,0.536,0.686,20.1,1.8,11.88362016,26.143964352,6.007830192,0.033010056,0.627191064,0.17693390016,0.22644898416,6.635021256,0.594181008,5287.68,"NA","NA","NA","NA","NA","NA","NA","FALSE","NA","SW1","WY16","2015-11-30 23:17:59","2015-12-02 08:30:00","2015-11-30 23:19:59","2015-12-02 08:30:00",0.1081
"59","SW1-55",1158.33046133711,31.4862253244629,11.1615007089105,0.0716392191078634,6.35727451194241,0.478384556658305,2.20855251390555,17.5187752208529,6.28563529283455,5728.61042616,155.717495736,55.200041324,0.3542971468,31.440379293,2.36588680904,10.92256258484,86.640420617,31.0860821462,79220.16,"NA, NA, NA","NA, NA, NA","NA, NA, NA","NA, NA, NA","NA, NA, NA","NA, NA, NA","NA, NA, NA","FALSE, FALSE, FALSE","NA, NA, NA","SW1","WY16","2015-12-13 04:50:59","2015-12-17 04:30:59","2015-12-13 04:50:59","2015-12-17 08:15:00",1.646
"60","SW1-56",280,45.8,12,0.09,2.48,0.408,0.895,14.48,2.39,114.024932,18.65122102,4.8867828,0.036650871,1.009935112,0.1661506152,0.3644725505,5.896717912,0.973284241,6523.2,"NA","NA","NA","NA","NA","NA","NA","FALSE","NA","SW1","WY16","2015-12-23 10:59:59","2015-12-24 09:29:59","2015-12-23 10:59:59","2015-12-24 09:29:59",0.1773
"61","sW1-57",5,15.8,2.3,0.22,1.05,0.35,0.453,3.35,0.83,0.4072319,1.286852804,0.187326674,0.0179182036,0.085518699,0.028506233,0.03689521014,0.272845373,0.0676004954,1304.64,"NA","NA","NA","NA","NA","NA","NA","TRUE","NA","SW1","WY16","2016-02-21 11:30:00","2016-02-22 02:21:59","2016-02-21 11:30:00","2016-02-22 02:21:59",0.0367
"62","SW1-57",6,9.5,1.5,0.29,0.83,0.305,0.376,2.33,0.54,1.1650608,1.8446796,0.2912652,0.056311272,0.161166744,0.059223924,0.0730104768,0.452431944,0.104855472,3110.4,"NA","NA","NA","NA","NA","NA","NA","TRUE","NA","SW1","WY16","2016-02-20 10:45:00","2016-02-21 11:30:00","2016-02-20 10:45:00","2016-02-21 11:30:00",0.1678
"63","SW1-58",253.794883105426,25.1271063078959,6.76164534627261,0.282011468901632,2.41975297750331,0.372084472871636,0.705801058667843,9.18139832377591,2.13774150860168,620.66780228,61.449567694,16.535934474,0.6896728432,5.9176242808,0.90995078078,1.72607101676,22.4535587548,5.2279514376,39173.76,"NA, NA, NA, NA","NA, NA, NA, NA","NA, NA, NA, NA","NA, NA, NA, NA","NA, NA, NA, NA","NA, NA, NA, NA","NA, NA, NA, NA","FALSE, FALSE, FALSE, FALSE","NA, NA, Komiskey, Matthew J.:There was some changes in the bottle labeling so may affected results, NA","SW1","WY16","2016-03-06 19:59:59","2016-03-10 03:51:59","2016-03-06 19:59:59","2016-03-10 03:51:59",0.542
"64","SW1-59",9011.29240924092,32.8103630363036,5.34838283828383,0.132059405940594,25.0478349834983,0.385679867986799,9.59534719471947,30.3962178217822,24.9157755775578,22091.02203912,80.434017678,13.111464792,0.3237412698,61.4043191058,0.9454872927,23.52282189114,74.5157838978,61.080577836,39268.8,"NA, NA","NA, NA","NA, NA","NA, NA","NA, NA","NA, NA","NA, NA","FALSE, FALSE","NA, NA","SW1","WY16","2016-03-13 17:30:00","2016-03-17 18:29:59","2016-03-13 17:30:00","2016-03-17 18:29:59",2.22
"65","SW1-6",2483,30.5,17.5,0.1,9,0.13,2.46,26.5,8.9,984.3711969,12.09155115,6.93777525,0.03964443,3.5679987,0.051537759,0.975252978,10.50577395,3.52835427,6350.4,"HT","NA","NA","NA","NA","NA","NA","FALSE","NA","SW1","WY12","2012-04-19 20:39:59","2012-04-20 22:00:00","2012-04-19 20:35:00","2012-04-20 02:55:00",0.6134
"66","SW1-60",317.193864507882,33.8440562420111,4.66608436301662,0.122202812100554,2.19214316148274,0.306556455048999,0.909787814230933,6.85822752449936,2.06994034938219,401.54359852,42.84403216,5.906912194,0.1546995778,2.7750885248,0.38807743744,1.15172301136,8.6820007188,2.620388947,20278.08,"NA, NA","NA, NA","NA, NA","NA, NA","NA, NA","NA, NA","NA, NA","FALSE, FALSE","NA, NA","SW1","WY16","2016-03-26 11:15:00","2016-03-28 21:15:00","2016-03-26 11:15:00","2016-03-28 21:15:00",0.4885
"67","SW1-61",2048.13702623907,25.2791545189504,4.74416909620991,0.0544169096209913,5.77437317784257,0.37169970845481,2.56078717201166,10.5185422740525,5.71995626822157,3031.36306544,37.41463308,7.02164884,0.0805402216,8.5464113744,0.55013739472,3.790115384,15.5680602144,8.4658711528,23708.16,"NA, NA","NA, NA","NA, NA","NA, NA","NA, NA","NA, NA","NA, NA","FALSE, FALSE","NA, NA","SW1","WY16","2016-03-31 00:11:59","2016-04-01 06:00:00","2016-03-31 00:11:59","2016-04-01 19:14:59",1.0623
"68","SW1-62",6410,10.2,5.6,0.25,19.5,0.022,7,25.1,19.25,1721.7980484,2.739834648,1.504222944,0.06715281,5.23791918,0.00590944728,1.88027868,6.742142124,5.17076637,4302.72,"NA","NA","NA","NA","NA","NA","NA","FALSE","NA","SW1","WY16","2016-06-15 18:44:00","2016-06-16 04:00:00","2016-06-15 18:44:00","2016-06-16 05:30:00",2.21
"69","SW1-63",1510,2.1,0.05,0.14,5.06,0.565,2.2,5.11,4.92,166.965079,0.23220309,0.005528645,0.015480206,0.559498874,0.0624736885,0.24326038,0.565027519,0.544018668,1771.2,"NA","NA","NA","NA","NA","NA","NA","FALSE","NA","SW1","WY16","2016-06-26 03:38:00","2016-06-26 06:13:00","2016-06-26 03:38:00","2016-06-26 10:45:00",0.6944
"70","SW1-64",42,16.3,0.7,0.05,2.21,1.2,1.3,2.91,2.16,0.43042524,0.167045986,0.007173754,0.000512411,0.0226485662,0.012297864,0.013322686,0.0298223202,0.0221361552,164.16,"NA","NA","NA","NA","NA","NA","NA","FALSE","NA","SW1","WY16","2016-07-29 02:19:59","2016-07-29 03:29:59","2016-07-29 02:19:59","2016-07-29 03:29:59",0.0845
"71","SW1-66",112,43.9,0.05,0.32,3.42,1.4,1.8,3.47,3.1,10.99472192,4.309538324,0.004908358,0.0314134912,0.3357316872,0.137434024,0.176700888,0.3406400452,0.304318196,1572.48,"NA","NA","NA","NA","NA","NA","NA","FALSE","NA","SW1","WY16","2016-09-10 04:52:00","2016-09-10 17:44:59","2016-09-10 04:52:00","2016-09-10 17:44:59",0.1564
"72","SW1-68",366,28.9,4.7,0.17,4.76,1,1.8,9.46,4.59,402.7226832,31.79968728,5.17157544,0.187056984,5.237595552,1.1003352,1.98060336,10.409170992,5.050538568,17625.6,"NA","NA","NA","NA","NA","NA","NA","FALSE","NA","SW1","WY16","2016-09-21 22:50:59","2016-09-23 00:45:00","2016-09-21 22:50:59","2016-09-23 00:45:00",1.288
"73","SW1-7",6357,23.9,6,0.15,19.6,0.077,6.6,25.6,19.45,116.58051444,0.438300188,0.11003352,0.002750838,0.359442832,0.00141209684,0.121036872,0.469476352,0.356691994,293.76,"HT","NA","NA","NA","NA","NA","NA","FALSE","Komiskey, Matthew J.:times were off on split, split was not done properly","SW1","WY12","2012-05-02 05:42:59","2012-05-02 07:00:59","2012-05-02 05:42:00","2012-05-02 07:02:00",0.2276
"74","SW3-1",5,5.2,1.4,1.69,2.54,0.196,0.242,3.94,0.85,1.6316245,1.69688948,0.45685486,0.551489081,0.828865246,0.0639596804,0.0789706258,1.285720106,0.277376165,5227.2,"HT","NA","NA","NA","NA","NA","NA","TRUE","NA","SW3","WY14","2014-03-11 10:39:59","2014-03-12 21:45:59","2014-03-11 00:00:59","2014-03-12 21:45:59",0.0895
"75","SW3-10",5750.18991097923,5.14985163204748,0.243323442136498,0.3913353115727,28.8916913946587,0.086566765578635,9.6086646884273,29.1350148367952,28.5003560830861,1045.21811532,0.93609399,0.04422916,0.0711334344,5.25167337,0.01573533274,1.7465771656,5.29590253,5.1805399356,2911.68,"HT, HT","NA, NA","NA, NA","NA, NA","HT, HT","NA, NA","HT, HT","FALSE, FALSE","NA, NA","SW3","WY14","2014-05-07 05:59:00","2014-05-08 08:15:00","2014-05-07 05:59:00","2014-05-08 08:15:00",0.7022
"76","SW3-1073",247,63.3,17.5,0.24,3.43,0.124,0.877,20.93,3.19,11.3242831,2.90213409,0.80232775,0.011003352,0.157256239,0.0056850652,0.0402080821,0.959583989,0.146252887,734.4,"NA","NA","NA","NA","NA","NA","NA","FALSE","NA","SW3","WY16","2015-11-26 21:51:59",NA,"2015-11-26 17:03:00","2015-11-27 09:29:59",0.0267
"77","SW3-11",3186,5.8,0.2,0.05,17.9,0.168,5.85,18.1,17.85,2615.50324296,4.761430888,0.164187272,0.041046818,14.694760844,0.13791730848,4.802477706,14.858948116,14.653714026,13150.08,"HT","NA","NA","NA","HT","NA","HT","FALSE","NA","SW3","WY14","2014-05-12 05:19:59","2014-05-13 03:45:00","2014-05-12 05:19:00","2014-05-13 15:15:00",2.615
"78","SW3-1111",6,19.9,12.5,0.08,1.17,0.075,0.127,13.67,1.09,0.16505028,0.547416762,0.34385475,0.0022006704,0.0321848046,0.0020631285,0.00349356426,0.3760395546,0.0299841342,440.64,"NA","NA","NA","NA","NA","NA","NA","TRUE","NA","SW3","WY16","2016-02-21 07:14:59",NA,"2016-02-20 16:59:59","2016-02-21 07:45:00",0.0171
"79","SW3-1150",39,6.5,5,0.05,1.29,0.07,0.21,6.29,1.24,2.25083274,0.37513879,0.2885683,0.002885683,0.0744506214,0.0040399562,0.0121198686,0.3630189214,0.0715649384,924.48,"NA","NA","NA","NA","NA","NA","NA","FALSE","NA","SW3","WY16","2016-03-08 09:49:59",NA,"2016-03-08 02:53:59","2016-03-08 23:15:00",0.0283
"80","SW3-12",10994.5,12.4762800181242,0.55,2.08597643860444,56.5172179429089,0.560557997281377,18.3465201631174,57.0672179429089,54.4312415043045,26175.96199174,29.703818414,1.309452826,4.96634135,134.55751046,1.33458955214,43.6798230452,135.866963286,129.59116911,38136.96,"HT, HT, HT, HT, HT","NA, NA, NA, NA, NA","NA, NA, NA, NA, NA","NA, NA, NA, NA, NA","NA, NA, NA, NA, NA","NA, NA, NA, NA, NA","NA, NA, NA, NA, NA","FALSE, FALSE, FALSE, FALSE, FALSE","NA, NA, NA, NA, NA","SW3","WY14","2014-06-01 18:15:00","2014-06-02 13:45:00","2014-06-01 18:15:00","2014-06-02 13:45:59",6.87
"81","SW3-13",957,27.5,2.4,0.32,8.2,0.324,2.18,10.6,7.88,112.52869188,3.2335831,0.282203616,0.0376271488,0.964195688,0.03809748816,0.2563349512,1.246399304,0.9265685392,1883.52,"HT","NA","NA","NA","NA","NA","NA","FALSE","NA","SW3","WY14","2014-06-18 08:53:59","2014-06-18 12:29:59","2014-06-18 08:53:59","2014-06-18 16:00:00",0.354
"82","SW3-1303",239,0.5,1.6,0.15,2.56,0.24,0.899,4.16,2.41,2.06258912,0.00431504,0.013808128,0.001294512,0.0220930048,0.0020712192,0.00775844192,0.0359011328,0.0207984928,138.24,"NA","NA","NA","NA","NA","NA","NA","FALSE","NA","SW3","WY16","2016-08-21 14:19:59",NA,"2016-08-21 13:52:59","2016-08-21 15:29:59",0.1063
"83","SW3-14",1801.88105726872,11.9541850220264,8.62819383259912,0.365770925110132,9.90088105726872,0.232070484581498,3.13035242290749,18.5290748898678,9.53511013215859,441.24196652,2.927323136,2.112859336,0.0895694428,2.4245131,0.0568290768,0.7665560684,4.537372436,2.3349436572,3922.56,"HT, HT","NA, NA","NA, NA","NA, NA","NA, NA","NA, NA","NA, NA","FALSE, FALSE","NA, Komiskey, Matthew J.:flume undercut….estimated event","SW3","WY14","2014-08-11 21:15:00","2014-08-12 11:15:00","2014-08-11 21:13:59","2014-08-12 11:15:00",0.7256
"84","SW3-15",6910,5.2,2.8,0.19,26.8,0.241,11,29.6,26.61,1818.8325104,1.368730688,0.737008832,0.0500113136,7.054227392,0.06343540304,2.89539184,7.791236224,7.0042160784,4216.32,"NA","NA","NA","NA","NA","NA","NA","FALSE","NA","SW3","WY14","2014-08-18 17:28:00","2014-08-18 19:00:00","2014-08-18 17:23:00","2014-08-18 19:07:00",2.964
"85","SW3-16",1139,5.9,3,0.15,8.1,0.231,2.6,11.1,7.95,38.08993684,0.197305204,0.10032468,0.005016234,0.270876636,0.00772500036,0.086948056,0.371201316,0.265860402,535.68,"NA","NA","NA","NA","NA","NA","NA","FALSE","NA","SW3","WY14","2014-08-19 02:01:59","2014-08-19 04:00:00","2014-08-19 01:59:59","2014-08-19 04:14:59",0.1872
"86","SW3-17",1881,3.4,1.2,0.02,12.3,0.149,3.96,13.5,12.28,44.64124632,0.080691248,0.028479264,0.0004746544,0.291912456,0.00353617528,0.0939815712,0.32039172,0.2914378016,380.16,"HT","NA","NA","NA","NA","NA","NA","FALSE","NA","SW3","WY14","2014-08-25 07:09:59","2014-08-25 10:14:59","2014-08-25 07:09:00","2014-08-25 10:30:00",0.1973
"87","SW3-18",493,5.8,2,0.21,4,0.11,1.36,6,3.79,6.6478585,0.0782101,0.026969,0.002831745,0.053938,0.001483295,0.01833892,0.080907,0.051106255,216,"NA","NA","NA","NA","NA","NA","NA","FALSE","NA","SW3","WY14","2014-09-04 19:50:00","2014-09-04 22:45:00","2014-09-04 19:48:59","2014-09-04 23:30:00",0.1008
"88","SW3-19",1002,3.7,0.9,0.3,6.4,0.161,2.05,7.3,6.1,94.03982424,0.347252844,0.084466908,0.028155636,0.600653568,0.01511019132,0.192396846,0.685120476,0.572497932,1503.36,"NA","NA","NA","NA","NA","NA","NA","FALSE","NA","SW3","WY14","2014-09-05 05:35:00","2014-09-05 08:15:00","2014-09-05 05:30:00","2014-09-05 10:30:00",0.5095
"89","SW3-2",66,2.6,0.4,1.12,2.17,0.263,0.386,2.57,1.05,41.97131532,1.653415452,0.254371608,0.7122405024,1.3799659734,0.16724933226,0.24546860172,1.6343375814,0.667725471,10186.56,"HT","NA","NA","NA","NA","NA","NA","TRUE","NA","SW3","WY14","2014-03-14 12:15:00","2014-03-16 00:06:59","2014-03-14 12:15:00","2014-03-16 00:06:59",0.2944
"90","SW3-20",429,9.2,1.4,0.18,4.5,0.173,1.13,5.9,4.32,11.569701,0.2481148,0.0377566,0.00485442,0.1213605,0.004665637,0.03047497,0.1591171,0.11650608,432,"HT","NA","NA","NA","NA","NA","NA","FALSE","NA","SW3","WY14","2014-09-20 03:09:59","2014-09-20 06:45:00","2014-09-20 03:09:00","2014-09-20 07:00:00",0.2318
"91","SW3-22",69,12.4,1.5,0.17,1.88,0.137,0.398,3.38,1.71,1.82364378,0.327727288,0.03964443,0.0044930354,0.0496876856,0.00362085794,0.01051898876,0.0893321156,0.0451946502,423.36,"HT","NA","NA","NA","NA","NA","NA","FALSE","NA","SW3","WY15","2014-10-03 05:30:00","2014-10-03 09:45:00","2014-10-03 05:26:59","2014-10-03 10:00:00",0.0543
"92","SW3-23",124,22.4,0.05,0.02,4.1,0.63,1.31,4.15,4.08,13.77792272,2.488915072,0.005555614,0.0022222456,0.455560348,0.0700007364,0.1455570868,0.461115962,0.4533381024,1779.84,"HT","NA","NA","NA","NA","NA","NA","FALSE","NA","SW3","WY15","2014-10-13 19:12:59","2014-10-14 07:59:59","2014-10-13 19:12:00","2014-10-14 08:15:00",0.1497
"93","SW3-24",60,24.4,0.05,0.06,3.43,0.33,0.736,3.48,3.37,1.2621492,0.513274008,0.001051791,0.0012621492,0.0721528626,0.0069418206,0.01548236352,0.0732046536,0.0708907134,336.96,"HT","NA","NA","NA","NA","NA","NA","FALSE","NA","SW3","WY15","2014-10-14 12:15:00","2014-10-14 15:45:00","2014-10-14 12:11:00","2014-10-14 16:00:00",0.0652
"94","SW3-25",32,21.7,0.05,0.09,2.34,0.24,0.443,2.39,2.25,0.72492672,0.491590932,0.001132698,0.0020388564,0.0530102664,0.0054369504,0.01003570428,0.0541429644,0.05097141,362.88,"HT","NA","NA","NA","NA","NA","NA","FALSE","NA","SW3","WY15","2014-10-15 01:21:59","2014-10-15 06:00:00","2014-10-15 01:18:00","2014-10-15 07:00:00",0.0478
"95","SW3-26",174,68.4,5.1,1.83,7.1,0.139,0.524,12.2,5.27,4.78645812,1.881573192,0.140292738,0.0503403354,0.195309498,0.00382366482,0.01441439112,0.335602236,0.1449691626,440.64,"HT","NA","NA","NA","NA","NA","NA","TRUE","NA","SW3","WY15","2014-12-16 07:09:59","2014-12-16 15:11:00","2014-12-16 07:00:00","2014-12-16 15:11:00",0.0247
"96","SW3-27",1256,26.6,3.2,1.39,10.3,0.146,2.68,13.5,8.91,447.80190608,9.483702788,1.140896576,0.4955769502,3.672260854,0.05205340628,0.9555008824,4.81315743,3.1766839038,5711.04,"HT","NA","NA","NA","NA","NA","NA","TRUE","NA","SW3","WY15","2014-12-23 04:45:00","2014-12-23 10:07:59","2014-12-23 04:45:00","2014-12-23 10:07:59",0.7759
"97","SW3-28",893,9.4,1.2,1.25,5.3,0.206,1.33,6.5,4.05,62.13495786,0.654052188,0.083496024,0.086975025,0.368774106,0.01433348412,0.0925414266,0.45227013,0.281799081,1114.56,"HT","NA","NA","NA","NA","NA","NA","TRUE","NA","SW3","WY15","2015-03-08 12:29:59","2015-03-08 18:29:59","2015-03-08 12:15:00","2015-03-08 18:45:00",0.11
"98","SW3-29",1614,44.3,10.4,0.27,13.9,0.067,4.09,24.3,13.63,9.57615252,0.262839874,0.061705072,0.0016019586,0.082471202,0.00039752306,0.0242667062,0.144176274,0.0808692434,95.04,"NA","NA","NA","NA","NA","NA","NA","FALSE","NA","SW3","WY15","2015-04-09 14:46:00","2015-04-09 18:15:00","2015-04-09 14:46:00","2015-04-09 18:15:00",0.0303
"99","SW3-3",105,2.5,0.3,1.59,3.64,0.514,0.797,3.94,2.05,89.5397769,2.13189945,0.255827934,1.3558880502,3.1040455992,0.43831852692,0.67964954466,3.3598735332,1.748157549,13659.84,"HT","NA","NA","NA","NA","NA","NA","TRUE","NA","SW3","WY14","2014-03-18 14:30:00","2014-03-22 10:45:00","2014-03-18 14:30:00","2014-03-22 10:45:00",0.3008
"100","SW3-30",1779,48,17.6,0.41,15.3,0.064,4.14,32.9,14.89,28.7867106,0.7767072,0.28479264,0.006634374,0.24757542,0.0010356096,0.066990996,0.53236806,0.240941046,259.2,"NA","NA","NA","NA","NA","NA","NA","FALSE","NA","SW3","WY15","2015-04-09 19:14:59","2015-04-10 00:00:00","2015-04-09 19:14:59","2015-04-10 00:15:00",0.0773
"101","SW3-31",1996,38.5,13.5,0.32,16.9,0.066,4.62,30.4,16.58,41.98749672,0.80987907,0.28398357,0.0067314624,0.355505358,0.00138836412,0.0971854884,0.639488928,0.3487738956,336.96,"NA","NA","NA","NA","NA","NA","NA","FALSE","NA","SW3","WY15","2015-04-10 01:09:00","2015-04-10 07:00:00","2015-04-10 01:09:59","2015-04-10 06:45:00",0.0528
"102","SW3-32",7220,19.3,10.7,1.42,38,0.177,12.7,48.7,36.58,179.1388856,0.478861564,0.265482836,0.0352323016,0.94283624,0.00439163196,0.315105796,1.208319076,0.9076039384,397.44,"NA","NA","NA","NA","NA","NA","NA","FALSE","NA","SW3","WY15","2015-05-17 16:59:00","2015-05-17 18:49:00","2015-05-17 16:57:59","2015-05-17 19:14:59",0.2832
"103","SW3-33",2630,8.9,5.1,0.31,16,0.18,5.61,21.1,15.69,483.7321654,1.636964362,0.938035758,0.0570178598,2.94285728,0.0331071444,1.0318393338,3.880893038,2.8858394202,2946.24,"NA","NA","NA","NA","NA","NA","NA","FALSE","NA","SW3","WY15","2015-05-24 20:14:00","2015-05-25 04:25:59","2015-05-24 20:14:00","2015-05-25 04:25:59",0.7178
"104","SW3-34",904,12.1,4.4,0.35,6.9,0.157,2.23,11.3,6.55,78.50352272,1.050766178,0.382096792,0.030394063,0.599197242,0.01363390826,0.1936536014,0.981294034,0.568803179,1391.04,"NA","NA","NA","NA","NA","NA","NA","FALSE","NA","SW3","WY15","2015-05-30 05:10:59","2015-05-30 13:30:00","2015-05-30 04:59:59","2015-05-30 13:59:59",0.3088
"105","SW3-35",216,13.4,5,0.14,2.7,0.102,0.692,7.7,2.56,36.58290912,2.269495288,0.8468266,0.0237111448,0.457286364,0.01727526264,0.11720080144,1.304112964,0.4335752192,2712.96,"NA","NA","NA","NA","NA","NA","NA","FALSE","NA","SW3","WY15","2015-06-11 22:43:59","2015-06-12 08:30:00","2015-06-11 22:39:00","2015-06-12 08:30:00",0.2012
"106","SW3-36",2170,2.7,1,0.3,9.5,0.21,3.56,10.5,9.2,1058.0909584,1.316518704,0.48759952,0.146279856,4.63219544,0.1023958992,1.7358542912,5.11979496,4.485915584,7810.56,"NA","NA","NA","NA","NA","NA","NA","FALSE","NA","SW3","WY15","2015-06-15 15:47:00","2015-06-15 19:14:59","2015-06-15 15:49:00","2015-06-15 19:30:00",3.174
"107","SW3-37",326,2.9,4.4,0.27,2.34,0.177,0.823,6.74,2.07,13.36367888,0.118879352,0.180368672,0.0110680776,0.0959233392,0.00725573976,0.03373714024,0.2762920112,0.0848552616,656.64,"NA","NA","NA","NA","NA","NA","NA","FALSE","NA","SW3","WY15","2015-09-08 09:06:00","2015-09-08 11:42:59","2015-09-08 09:06:00","2015-09-08 11:44:00",0.3594
"108","SW3-38",965,7,0.05,0.05,7.99,0.178,2.89,8.04,7.94,175.4090729,1.27239742,0.009088553,0.009088553,1.4523507694,0.03235524868,0.5253183634,1.4614393224,1.4432622164,2911.68,"NA","NA","NA","NA","NA","NA","NA","FALSE","NA","SW3","WY15","2015-09-19 00:22:00","2015-09-19 04:30:00","2015-09-19 00:22:00","2015-09-19 04:30:00",0.5686
"109","SW3-4",775,2.6,0.6,1.46,8.6,0.672,2.92,9.2,7.14,529.212687,1.775423208,0.409713048,0.9969684168,5.872553688,0.45887861376,1.9939368336,6.282266736,4.8755852712,10938.24,"HT","NA","NA","NA","NA","NA","NA","TRUE","NA","SW3","WY14","2014-03-27 11:26:59","2014-03-28 10:27:00","2014-03-27 11:26:59","2014-03-28 10:27:00",0.925
"110","SW3-40",72,35.9,5.6,0.17,5.59,0.44,0.929,11.19,5.42,2.40779232,1.200552004,0.187272736,0.0056850652,0.1869383204,0.0147142864,0.03106720924,0.3742110564,0.1812532552,535.68,"NA","NA","NA","NA","NA","NA","NA","FALSE","NA","SW3","WY16","2015-10-31 10:00:59","2015-10-31 19:00:00","2015-10-31 10:00:59","2015-10-31 19:00:00",0.0406
"111","SW3-41",817.667327714427,17.7889439762023,12.1107585523054,0.15,6.85669310857709,0.903657907783837,2.93926623698562,18.9674516608825,6.70669310857709,889.5643743,19.353116214,13.175651012,0.163189419,7.459598431,0.98311605964,3.19771433,20.635249443,7.296409012,17426.88,"NA, NA","NA, NA","NA, NA","NA, NA","NA, NA","NA, NA","NA, NA","FALSE, FALSE","NA, NA","SW3","WY16","2015-12-13 06:04:59","2015-12-15 11:30:00","2015-12-13 06:04:59","2015-12-15 11:30:00",0.7711
"112","SW3-44",40,11,6.4,0.1,1.66,0.357,0.488,8.06,1.56,10.3129456,2.83606004,1.650071296,0.025782364,0.4279872424,0.09204303948,0.12581793632,2.0780585384,0.4022048784,4129.92,"NA, NA","NA, NA","NA, NA","NA, NA","NA, NA","NA, NA","NA, NA","TRUE, TRUE","NA, NA","SW3","WY16","2016-02-27 16:14:59","2016-02-29 00:02:00","2016-02-27 16:16:00","2016-02-29 01:14:59",0.1196
"113","SW3-45",112.191347753744,8.52462562396007,5.21580698835275,0.0638602329450915,1.89271214642263,0.169640599001664,0.436698835274542,7.10851913477537,1.82885191347754,36.36877526,2.763405554,1.690794486,0.0207014044,0.6135555376,0.05499194852,0.14156351728,2.3043500236,0.5928541332,5192.64,"NA, NA","NA, NA","NA, NA","NA, NA","NA, NA","NA, NA","NA, NA","TRUE, FALSE","Komiskey, Matthew J.:Frozen Ground from Jan 18 to Mar 7 according to ESW1 and Met station (flat lined data), NA","SW3","WY16","2016-03-07 00:00:00","2016-03-08 02:53:59","2016-03-07 00:00:00","2016-03-08 02:53:59",0.1737
"114","SW3-46",174,26.3,10.9,0.08,2.45,0.097,0.481,13.35,2.37,10.41758532,1.574612034,0.652595862,0.0047896944,0.146684391,0.00580750446,0.02879803758,0.799280253,0.1418946966,959.04,"NA","NA","NA","NA","NA","NA","NA","FALSE","NA","SW3","WY16","2016-03-09 02:41:00","2016-03-09 14:30:00","2016-03-09 02:32:59","2016-03-09 14:30:00",0.0711
"115","SW3-47",3320,13.6,6.3,0.06,17,0.522,7.9,23.3,16.94,3348.686792,13.71751216,6.35443578,0.060518436,17.1468902,0.5265103932,7.96826074,23.50132598,17.086371764,16156.8,"NA","NA","NA","NA","NA","NA","NA","FALSE","NA","SW3","WY16","2016-03-16 00:04:59","2016-03-17 01:00:00","2016-03-16 00:04:59","2016-03-17 01:00:00",1.87
"116","SW3-48",155,18.8,9.4,0.07,1.76,0.118,0.437,11.16,1.69,42.7215929,5.181715784,2.590857892,0.0192936226,0.4850967968,0.03252353524,0.12044732966,3.0759546888,0.4658031742,4415.04,"NA, NA","NA, NA","NA, NA","NA, NA","NA, NA","NA, NA","NA, NA","FALSE, FALSE","Komiskey, Matthew J.:for some reason, most of these samples were missed, NA","SW3","WY16","2016-03-27 05:30:00","2016-03-28 19:45:00","2016-03-27 05:30:00","2016-03-28 19:45:00",0.2077
"117","SW3-49",972.53591160221,16.3292817679558,7.63513812154696,0.085878453038674,6.09826519337017,0.491579005524862,2.7,13.7334033149171,6.01238674033149,474.7326101,7.97095764,3.727007924,0.0419206136,2.9768004634,0.23995883502,1.31797503,6.7038083874,2.9348798498,7819.2,"NA, NA","NA, NA","NA, NA","NA, NA","NA, NA","NA, NA","NA, NA","FALSE, FALSE","Komiskey, Matthew J.:This start time is prior to the storm start, need to change, NA","SW3","WY16","2016-03-31 00:54:00","2016-04-01 06:15:00","2016-03-31 00:54:00","2016-04-01 06:15:00",0.4864
"118","SW3-5",371,3.8,0.4,1.71,6.2,0.564,1.55,6.6,4.49,71.83948282,0.735822196,0.077454968,0.3311199882,1.200552004,0.10921150488,0.300138001,1.278006972,0.8694320158,3101.76,"HT","NA","NA","NA","NA","NA","NA","TRUE","NA","SW3","WY14","2014-03-28 10:27:00","2014-03-28 23:35:00","2014-03-28 10:27:00","2014-03-28 23:35:00",0.1541
"119","SW3-50",1330,29.2,10.1,1.54,15.2,0.374,3.5,25.3,13.66,39.455647,0.86624428,0.29962559,0.045685486,0.45092168,0.0110950466,0.10383065,0.75054727,0.405236194,475.2,"NA","NA","NA","NA","NA","NA","NA","FALSE","NA","SW3","WY16","2016-06-01 04:30:59","2016-06-01 08:44:59","2016-06-01 04:30:59","2016-06-01 08:44:59",0.1081
"120","SW3-51",3750,35.2,26.6,1.21,25.2,0.422,8,51.8,23.99,451.056525,4.233917248,3.199494284,0.1455409054,3.031099848,0.05075889428,0.96225392,6.230594132,2.8855589426,1926.72,"NA","NA","NA","NA","NA","NA","NA","FALSE","NA","SW3","WY16","2016-06-10 20:32:00","2016-06-11 00:29:59","2016-06-10 20:32:00","2016-06-11 00:29:59",0.8376
"121","SW3-52",1970,11.7,7,0.35,13.6,0.307,5.3,20.6,13.25,63.754716,0.37864476,0.2265396,0.01132698,0.44013408,0.0099353796,0.17152284,0.66667368,0.4288071,518.4,"NA","NA","NA","NA","NA","NA","NA","FALSE","NA","SW3","WY16","2016-06-15 03:08:00","2016-06-15 06:45:00","2016-06-15 03:08:00","2016-06-15 06:45:00",0.1541
"122","SW3-53",6730,5.7,4.9,0.31,27.9,0.562,10,32.8,27.59,9997.0954596,8.467079364,7.278717348,0.4604902812,41.444125308,0.83482431624,14.8545252,48.722842656,40.9836350268,23794.56,"NA","NA","NA","NA","NA","NA","NA","FALSE","NA","SW3","WY16","2016-06-15 18:42:00","2016-06-15 21:15:00","2016-06-15 18:42:00","2016-06-15 21:15:00",12.32
"123","SW3-54",4400,6.8,16,6.84,33,0.46,7.5,49,26.16,999.147512,1.544137064,3.63326368,1.5532202232,7.49360634,0.1044563308,1.70309235,11.12687002,5.9403861168,3637.44,"NA","NA","NA","NA","NA","NA","NA","FALSE","NA","SW3","WY16","2016-06-26 03:51:59","2016-06-26 08:15:00","2016-06-26 03:51:59","2016-06-26 08:15:00",1.262
"124","SW3-55",2510,4.5,11.6,2.45,19.9,0.272,4.8,31.5,17.45,288.3687294,0.51699573,1.332700104,0.281475453,2.286270006,0.03124951968,0.551462112,3.61897011,2.004794553,1840.32,"NA","NA","NA","NA","NA","NA","NA","FALSE","NA","SW3","WY16","2016-06-30 16:23:59","2016-06-30 20:08:00","2016-06-30 16:23:59","2016-06-30 20:08:00",0.447
"125","SW3-56",1610,1.7,5.6,0.3,10,0.156,3.2,15.6,9.7,39.078081,0.04126257,0.13592376,0.00728163,0.242721,0.0037864476,0.07767072,0.37864476,0.23543937,388.8,"NA","NA","NA","NA","NA","NA","NA","FALSE","NA","SW3","WY16","2016-07-17 07:48:59","2016-07-17 10:14:59","2016-07-17 07:48:59","2016-07-17 10:14:59",0.2207
"126","SW3-57",1590,0.6,1.1,0.04,8.21,0.22,2.9,9.31,8.17,222.1220778,0.083819652,0.153669362,0.0055879768,1.1469322382,0.0307338724,0.405128318,1.3006016002,1.1413442614,2237.76,"NA","NA","NA","NA","NA","NA","NA","FALSE","NA","SW3","WY16","2016-07-29 02:10:59","2016-07-29 04:02:59","2016-07-29 02:10:59","2016-07-29 04:02:59",1.0689
"127","SW3-58",1500,0.5,2.2,0.22,8.66,0.173,2.8,10.86,8.44,28.31745,0.00943915,0.04153226,0.004153226,0.163486078,0.0032659459,0.05285924,0.205018338,0.159332852,302.4,"NA","NA","NA","NA","NA","NA","NA","FALSE","NA","SW3","WY16","2016-08-21 11:28:59","2016-08-21 13:00:00","2016-08-21 11:28:59","2016-08-21 13:00:00",0.271
"128","SW3-59",67400,0.5,1.3,0.12,16.3,0.217,6.7,17.6,16.18,1890.419024,0.01402388,0.036462088,0.0033657312,0.457178488,0.00608636392,0.187919992,0.493640576,0.4538127568,449.28,"NA","NA","NA","NA","NA","NA","NA","FALSE","NA","SW3","WY16","2016-08-24 02:23:00","2016-08-24 03:45:00","2016-08-24 02:23:00","2016-08-24 03:45:00",0.4104
"129","SW3-6",1744,13.9,1,0.89,22,0.162,6.4,23,21.11,164.618776,1.31204185,0.0943915,0.084008435,2.076613,0.015291423,0.6041056,2.1710045,1.992604565,1512,"HT","NA","NA","NA","HT","NA","HT","FALSE","Komiskey, Matthew J.:second half of event is estimated","SW3","WY14","2014-04-12 13:32:00","2014-04-12 20:30:00","2014-04-12 13:32:00","2014-04-12 20:44:59",0.1834
"130","SW3-60",349,0.5,1.6,0.12,3.11,0.195,1.5,4.71,2.99,3.20014154,0.00458473,0.014671136,0.0011003352,0.0285170206,0.0017880447,0.01375419,0.0431881566,0.0274166854,146.88,"NA","NA","NA","NA","NA","NA","NA","FALSE","NA","SW3","WY16","2016-08-27 09:02:00","2016-08-27 10:30:00","2016-08-27 09:02:00","2016-08-27 10:30:00",0.1036
"131","SW3-61",2190,1,0.6,0.12,9.18,0.304,4,9.78,9.06,226.7985024,0.10356096,0.062136576,0.0124273152,0.9506896128,0.03148253184,0.41424384,1.0128261888,0.9382622976,1658.88,"NA","NA","NA","NA","NA","NA","NA","FALSE","NA","SW3","WY16","2016-09-06 16:16:59","2016-09-06 17:44:59","2016-09-06 16:16:59","2016-09-06 17:17:59",1.172
"132","SW3-62",796,1.6,0.9,0.06,4.84,0.57,2.3,5.74,4.78,117.64093552,0.236464192,0.133011108,0.0088674072,0.7153041808,0.0842403684,0.339917276,0.8483152888,0.7064367736,2367.36,"NA","NA","NA","NA","NA","NA","NA","FALSE","NA","SW3","WY16","2016-09-06 19:11:00","2016-09-06 21:29:59","2016-09-06 19:11:00","2016-09-06 21:29:59",1.242
"133","SW3-63",244,2.3,2.3,0.06,3.15,0.267,1,5.45,3.09,3.55343544,0.033495498,0.033495498,0.0008737956,0.045874269,0.00388839042,0.01456326,0.079369767,0.0450004734,233.28,"NA","NA","NA","NA","NA","NA","NA","FALSE","NA","SW3","WY16","2016-09-06 22:32:00","2016-09-07 01:45:00","2016-09-06 22:32:00","2016-09-07 01:45:00",0.0703
"134","SW3-64",12300,14.5,0.05,0.06,72.7,0.487,34,72.75,72.64,915.543612,1.07929938,0.003721722,0.0044660664,5.411383788,0.03624957228,2.53077096,5.41510551,5.4069177216,1192.32,"NA","NA","NA","NA","NA","NA","NA","FALSE","NA","SW3","WY16","2016-09-16 14:44:59","2016-09-16 18:29:59","2016-09-16 14:44:59","2016-09-16 18:29:59",0.5486
"135","SW3-65",3550,14,1.6,0.12,24.5,0.507,8.9,26.1,24.38,5554.831899,21.90637932,2.503586208,0.1877689656,38.33616381,0.79332387966,13.926198282,40.839750018,38.1483948444,25064.64,"NA","NA","NA","NA","NA","NA","NA","FALSE","NA","SW3","WY16","2016-09-21 22:32:00","2016-09-22 15:15:00","2016-09-21 22:32:00","2016-09-22 15:15:00",2.585
"136","SW3-7",2046,8.8,1.6,0.53,14.9,0.207,4.6,16.5,14.37,391.7678754,1.68502312,0.30636784,0.101484347,2.85305051,0.0396363393,0.88080754,3.15941835,2.751566163,3067.2,"HT","NA","NA","NA","HT","NA","HT","FALSE","Komiskey, Matthew J.:poor sample coverage","SW3","WY14","2014-04-13 02:19:59","2014-04-13 10:14:59","2014-04-13 02:15:00","2014-04-13 10:14:59",0.3936
"137","SW3-8",2042.72240335352,7.05905915230554,1.23740102468561,0.225039590125757,13.8520353982301,0.319462505822077,4.43521844434094,15.0894364229157,13.6269958081043,2365.5723505,8.174735404,1.432970846,0.2606068408,16.0413338016,0.36995319068,5.13619966332,17.4743046476,15.7807269608,18550.08,"HT, HT","NA, NA","NA, NA","NA, NA","HT, HT","NA, NA","HT, HT","FALSE, FALSE","NA, NA","SW3","WY14","2014-04-13 18:45:59","2014-04-14 23:17:00","2014-04-13 18:45:59","2014-04-14 23:15:00",1.348
"138","SW3-9",172,25.9,0.05,0.13,3.31,0.045,0.627,3.36,3.18,1.02050696,0.153669362,0.000296659,0.0007713134,0.0196388258,0.0002669931,0.00372010386,0.0199354848,0.0188675124,95.04,"HT","NA","NA","NA","HT","NA","HT","FALSE","NA","SW3","WY14","2014-04-29 17:10:59","2014-04-30 10:45:00","2014-04-29 17:01:59","2014-04-30 10:45:00",0.0272
